Order_ID,Date,Product,Category,City,Quantity,Price
1001,2025-02-19,Printer,Electronics,Kolkata,3,9591
1002,2025-08-08,Pen,Stationery,Hyderabad,5,318
1003,2025-07-28,Mouse,Electronics,Chennai,1,697
1004,2025-08-15,Chair,Furniture,Ahmedabad,1,3410
1005,2025-04-12,Mouse,Electronics,Mumbai,,624
1006,2025-10-20,Notebook,Stationery,Ahmedabad,4,244
1007,2025-03-05,Table,Furniture,Ahmedabad,2,7253
1008,2025-03-16,Laptop,Electronics,Hyderabad,3,54950
1009,2025-11-22,Bag,Accessories,Ahmedabad,3,1218
1010,2025-08-22,Keyboard,Electronics,Mumbai,2,1432
1011,2025-01-11,Chair,Furniture,Hyderabad,4,3407
1012,2025-10-08,Pen,Stationery,Chennai,3,2
1013,2025-12-30,Chair,Furniture,Kolkata,2,3674
1014,2025-04-09,Table,Furniture,Hyderabad,4,7285
1015,2025-12-25,Chair,Furniture,Pune,5,3693
1016,2025-02-06,Keyboard,Electronics,Kolkata,3,1322
1017,2025-02-25,Sofa,Furniture,Ahmedabad,3,15122
1018,2025-02-01,Mouse,Electronics,Bangalore,3,521
1019,2025-08-13,Pen,Stationery,Delhi,2,107
1020,2025-03-08,Printer,Electronics,Delhi,1,9427
1021,2025-07-16,Laptop,Electronics,Mumbai,5,55083
1022,2025-04-20,Table,Furniture,Mumbai,1,6908
1023,2025-11-12,Monitor,Electronics,Chennai,2,8403
1024,2025-11-06,Chair,Furniture,Chennai,1,3565
1025,2025-07-04,Table,Furniture,Ahmedabad,4,7104
1026,2025-04-22,Bottle,Accessories,Chennai,2,357
1027,2025-02-17,Keyboard,Electronics,Chennai,1,1195
1028,2025-02-05,Notebook,Stationery,Pune,5,107
1029,2025-11-09,Pen,Stationery,Pune,5,155
1030,2025-01-21,Laptop,Electronics,Chennai,4,54961
1031,2025-12-30,Printer,Electronics,Bangalore,5,9576
1032,2025-08-24,Mouse,Electronics,Hyderabad,5,762
1033,2025-04-15,Table,Furniture,Pune,5,6999
1034,2025-04-01,Monitor,Electronics,Hyderabad,5,8453
1035,2025-01-21,Laptop,Electronics,Ahmedabad,1,54996
1036,2025-08-09,Sofa,Furniture,Chennai,1,15276
1037,2025-02-01,Monitor,Electronics,Ahmedabad,5,8479
1038,2025-11-18,Sofa,Furniture,Bangalore,2,14930
1039,2025-08-23,Bottle,Accessories,Bangalore,4,231
1040,2025-12-08,Table,Furniture,Hyderabad,5,7100
1041,2025-07-30,Laptop,Electronics,Mumbai,5,55178
1042,2025-07-15,Pen,Stationery,Chennai,3,184
1043,2025-08-08,Bag,Accessories,Mumbai,1,1414
1044,2025-06-23,Pen,Stationery,Kolkata,3,8
1045,2025-12-05,Bottle,Accessories,Delhi,1,301
1046,2025-02-17,Pen,Stationery,Kolkata,2,93
1047,2025-12-02,Pen,Stationery,Bangalore,2,-44
1048,2025-09-15,Keyboard,Electronics,Delhi,3,1189
1049,2025-01-06,Notebook,Stationery,Ahmedabad,2,307
1050,2025-06-22,Chair,Furniture,Pune,4,3730
1051,2025-07-30,Sofa,Furniture,Bangalore,1,15123
1052,2025-02-16,Bag,Accessories,Bangalore,3,1125
1053,2025-06-19,Bag,Accessories,Pune,4,1229
1054,2025-11-02,Sofa,Furniture,Kolkata,4,15038
1055,2025-07-26,Sofa,Furniture,Chennai,5,15108
1056,2025-07-01,Bag,Accessories,Delhi,2,1482
1057,2025-04-09,Bag,Accessories,Delhi,5,1128
1058,2025-11-08,Bag,Accessories,Kolkata,4,1493
1059,2025-02-12,Pen,Stationery,Mumbai,5,273
1060,2025-03-10,Bottle,Accessories,Mumbai,5,364
1061,2025-11-04,Mouse,Electronics,Hyderabad,4,748
1062,2025-12-03,Pen,Stationery,Hyderabad,2,318
1063,2025-04-08,Mouse,Electronics,Bangalore,5,568
1064,2025-08-14,Keyboard,Electronics,Mumbai,5,1265
1065,2025-10-20,Printer,Electronics,Hyderabad,3,9464
1066,2025-12-30,Chair,Furniture,Hyderabad,5,3499
1067,2025-07-05,Keyboard,Electronics,Delhi,5,1487
1068,2025-06-08,Monitor,Electronics,Delhi,5,8548
1069,2025-07-18,Mouse,Electronics,Pune,2,666
1070,2025-04-13,Laptop,Electronics,Hyderabad,5,55022
1071,2025-06-18,Bottle,Accessories,Chennai,5,550
1072,2025-01-22,Mouse,Electronics,Kolkata,2,776
1073,2025-07-15,Keyboard,Electronics,Kolkata,4,1276
1074,2025-10-08,Printer,Electronics,Mumbai,2,9727
1075,2025-11-20,Bag,Accessories,Delhi,5,1207
1076,2025-01-18,Table,Furniture,Pune,2,7077
1077,2025-10-09,Bottle,Accessories,Ahmedabad,5,406
1078,2025-10-22,Keyboard,Electronics,Mumbai,2,1162
1079,2025-04-27,Table,Furniture,Kolkata,3,6981
1080,2025-07-17,Monitor,Electronics,Kolkata,4,8496
1081,2025-06-29,Keyboard,Electronics,Chennai,1,1456
1082,2025-11-29,Bottle,Accessories,Chennai,1,521
1083,2025-12-01,Keyboard,Electronics,Bangalore,2,1411
1084,2026-01-01,Bag,Accessories,Kolkata,3,1281
1085,2025-02-01,Mouse,Electronics,Bangalore,1,632
1086,2025-05-02,Pen,Stationery,Delhi,4,6
1087,2025-05-07,Mouse,Electronics,Pune,3,548
1088,2025-07-13,Chair,Furniture,Bangalore,2,3679
1089,2025-05-27,Monitor,Electronics,Delhi,2,8493
1090,2025-12-18,Chair,Furniture,Pune,1,3799
1091,2025-08-04,Notebook,Stationery,Hyderabad,4,132
1092,2025-03-28,Notebook,Stationery,Ahmedabad,3,-11
1093,2025-07-29,Keyboard,Electronics,Ahmedabad,2,1330
1094,2025-03-22,Notebook,Stationery,Ahmedabad,5,270
1095,2025-04-17,Printer,Electronics,Delhi,5,9735
1096,2025-04-23,Chair,Furniture,Kolkata,5,3616
1097,2025-09-29,Chair,Furniture,Bangalore,3,3784
1098,2025-08-02,Mouse,Electronics,Delhi,3,756
1099,2025-01-24,Sofa,Furniture,Chennai,1,15116
1100,2025-08-07,Bag,Accessories,Ahmedabad,3,1497
1101,2025-11-29,Mouse,Electronics,Hyderabad,1,661
1102,2025-07-31,Monitor,Electronics,Delhi,5,8421
1103,2025-06-20,Keyboard,Electronics,Pune,4,1121
1104,2025-05-06,Bag,Accessories,Delhi,5,1374
1105,2025-05-18,Table,Furniture,Kolkata,5,7116
1106,2025-04-26,Notebook,Stationery,Delhi,5,-6
1107,2025-10-28,Table,Furniture,Kolkata,5,6904
1108,2025-02-14,Pen,Stationery,Mumbai,3,250
1109,2025-06-29,Sofa,Furniture,Mumbai,3,15203
1110,2025-07-19,Chair,Furniture,Bangalore,2,3764
1111,2025-12-27,Table,Furniture,Hyderabad,5,7293
1112,2025-06-09,Laptop,Electronics,Kolkata,2,55241
1113,2025-04-01,Notebook,Stationery,Ahmedabad,4,155
1114,2025-10-27,Laptop,Electronics,Mumbai,5,54980
1115,2025-11-13,Notebook,Stationery,Mumbai,5,39
1116,2025-03-29,Mouse,Electronics,Chennai,1,412
1117,2025-02-15,Notebook,Stationery,Delhi,4,189
1118,2025-07-11,Printer,Electronics,Mumbai,4,9426
1119,2025-05-15,Printer,Electronics,Bangalore,4,9708
1120,2025-05-30,Chair,Furniture,Chennai,3,3612
1121,2025-01-02,Bottle,Accessories,Kolkata,1,450
1122,2025-08-21,Bag,Accessories,Chennai,4,1352
1123,2025-08-07,Notebook,Stationery,Bangalore,4,252
1124,2025-01-26,Mouse,Electronics,Mumbai,2,677
1125,2025-12-08,Mouse,Electronics,Hyderabad,5,402
1126,2025-02-05,Printer,Electronics,Pune,1,9407
1127,2025-12-22,Bag,Accessories,Mumbai,4,1451
1128,2025-09-30,Laptop,Electronics,Chennai,4,55182
1129,2025-01-23,Table,Furniture,Pune,5,7029
1130,2025-09-17,Laptop,Electronics,Ahmedabad,2,54942
1131,2025-01-19,Mouse,Electronics,Chennai,4,633
1132,2025-03-18,Bottle,Accessories,Pune,4,566
1133,2025-01-06,Keyboard,Electronics,Chennai,2,1200
1134,2025-10-10,Notebook,Stationery,Bangalore,4,280
1135,2025-04-25,Bottle,Accessories,Bangalore,1,400
1136,2025-05-25,Sofa,Furniture,Hyderabad,5,15146
1137,2025-03-18,Table,Furniture,Chennai,1,7100
1138,2025-09-24,Bottle,Accessories,Hyderabad,3,504
1139,2025-11-18,Keyboard,Electronics,Chennai,4,1408
1140,2025-10-21,Chair,Furniture,Pune,1,3485
1141,2025-09-23,Printer,Electronics,Pune,4,9697
1142,2025-03-20,Printer,Electronics,Mumbai,1,9732
1143,2025-11-20,Mouse,Electronics,Pune,1,601
1144,2025-09-18,Chair,Furniture,Mumbai,5,3797
1145,2025-03-07,Notebook,Stationery,Mumbai,4,235
1146,2025-06-06,Chair,Furniture,Pune,4,3526
1147,2025-11-10,Bottle,Accessories,Mumbai,4,317
1148,2025-11-26,Bag,Accessories,Pune,2,1447
1149,2025-01-09,Bag,Accessories,Mumbai,5,1485
1150,2025-04-17,Table,Furniture,Chennai,2,7139
1151,2025-06-20,Chair,Furniture,Bangalore,5,3442
1152,2025-05-02,Monitor,Electronics,Delhi,3,8681
1153,2025-05-06,Chair,Furniture,Delhi,1,3441
1154,2025-08-30,Bottle,Accessories,Bangalore,1,528
1155,2025-01-12,Laptop,Electronics,Pune,1,55008
1156,2025-06-28,Monitor,Electronics,Pune,1,8478
1157,2025-04-12,Chair,Furniture,Pune,3,3604
1158,2025-06-15,Sofa,Furniture,Chennai,3,15123
1159,2025-09-20,Chair,Furniture,Hyderabad,1,3436
1160,2025-10-20,Bag,Accessories,Ahmedabad,4,1213
1161,2025-02-18,Bottle,Accessories,Kolkata,1,349
1162,2025-12-03,Monitor,Electronics,Bangalore,1,8776
1163,2025-04-29,Bottle,Accessories,Chennai,5,490
1164,2025-11-01,Keyboard,Electronics,Kolkata,3,1317
1165,2025-07-26,Monitor,Electronics,Ahmedabad,1,8481
1166,2025-03-28,Table,Furniture,Delhi,2,7258
1167,2025-12-13,Pen,Stationery,Bangalore,3,264
1168,2025-04-07,Keyboard,Electronics,Bangalore,5,1317
1169,2025-03-08,Table,Furniture,Bangalore,4,7034
1170,2025-07-27,Keyboard,Electronics,Pune,5,1380
1171,2025-10-28,Pen,Stationery,Mumbai,4,-21
1172,2025-06-11,Table,Furniture,Chennai,4,7300
1173,2025-01-29,Bag,Accessories,Bangalore,1,1213
1174,2025-04-02,Pen,Stationery,Kolkata,4,140
1175,2025-10-03,Printer,Electronics,Ahmedabad,3,9590
1176,2025-05-03,Chair,Furniture,Hyderabad,3,3477
1177,2025-01-11,Chair,Furniture,Pune,2,3419
1178,2025-01-13,Laptop,Electronics,Delhi,3,55039
1179,2025-05-29,Monitor,Electronics,Mumbai,1,8731
1180,2025-09-12,Bottle,Accessories,Ahmedabad,5,490
1181,2025-04-24,Laptop,Electronics,Chennai,2,55255
1182,2025-05-04,Pen,Stationery,Ahmedabad,2,314
1183,2025-08-06,Keyboard,Electronics,Hyderabad,1,1397
1184,2025-05-27,Bottle,Accessories,Delhi,3,462
1185,2025-10-22,Table,Furniture,Bangalore,1,6973
1186,2025-05-19,Keyboard,Electronics,Mumbai,3,1468
1187,2025-05-14,Notebook,Stationery,Bangalore,1,262
1188,2025-11-04,Notebook,Stationery,Pune,3,130
1189,2025-11-10,Bag,Accessories,Ahmedabad,1,1405
1190,2025-07-19,Laptop,Electronics,Mumbai,3,55069
1191,2025-03-14,Monitor,Electronics,Hyderabad,3,8650
1192,2025-01-13,Bottle,Accessories,Mumbai,3,356
1193,2025-05-03,Keyboard,Electronics,Hyderabad,1,1243
1194,2025-04-05,Laptop,Electronics,Kolkata,4,55239
1195,2025-12-25,Printer,Electronics,Mumbai,2,9497
1196,2025-02-21,Pen,Stationery,Mumbai,5,200
1197,2025-03-24,Keyboard,Electronics,Pune,4,1393
1198,2025-08-26,Laptop,Electronics,Bangalore,5,54976
1199,2025-11-26,Pen,Stationery,Hyderabad,4,242
1200,2025-08-14,Monitor,Electronics,Mumbai,5,8458
1201,2025-12-22,Bottle,Accessories,Kolkata,3,380
1202,2025-05-26,Laptop,Electronics,Kolkata,3,55025
1203,2025-03-06,Monitor,Electronics,Mumbai,2,8473
1204,2025-11-27,Table,Furniture,Pune,4,6942
1205,2025-12-15,Chair,Furniture,Delhi,3,3776
1206,2025-02-07,Notebook,Stationery,Kolkata,2,94
1207,2025-01-30,Chair,Furniture,Kolkata,4,3779
1208,2025-11-07,Sofa,Furniture,Bangalore,3,15217
1209,2025-05-12,Bag,Accessories,Hyderabad,1,1157
1210,2025-11-23,Pen,Stationery,Ahmedabad,3,288
1211,2025-10-25,Mouse,Electronics,Hyderabad,3,717
1212,2025-03-26,Notebook,Stationery,Ahmedabad,2,5
1213,2025-02-16,Monitor,Electronics,Kolkata,4,8757
1214,2025-04-22,Table,Furniture,Ahmedabad,3,7208
1215,2025-03-12,Bottle,Accessories,Delhi,3,537
1216,2025-11-12,Sofa,Furniture,Mumbai,4,15025
1217,2025-01-07,Sofa,Furniture,Chennai,5,14920
1218,2025-11-10,Notebook,Stationery,Delhi,4,351
1219,2025-02-22,Bottle,Accessories,Delhi,1,274
1220,2025-12-28,Bag,Accessories,Pune,4,1343
1221,2025-10-28,Pen,Stationery,Chennai,2,94
1222,2025-04-28,Bag,Accessories,Mumbai,4,1490
1223,2025-02-09,Mouse,Electronics,Hyderabad,1,660
1224,2025-05-07,Monitor,Electronics,Hyderabad,1,8662
1225,2025-05-12,Sofa,Furniture,Delhi,4,15083
1226,2025-08-19,Mouse,Electronics,Hyderabad,5,716
1227,2025-06-28,Chair,Furniture,Bangalore,2,3675
1228,2025-05-05,Keyboard,Electronics,Pune,4,1119
1229,2025-12-01,Table,Furniture,Chennai,5,6905
1230,2025-01-30,Mouse,Electronics,Hyderabad,4,505
1231,2025-11-21,Mouse,Electronics,Hyderabad,3,645
1232,2025-01-29,Pen,Stationery,Ahmedabad,1,175
1233,2025-03-21,Mouse,Electronics,Pune,4,694
1234,2025-10-08,Laptop,Electronics,Ahmedabad,5,54905
1235,2025-04-05,Chair,Furniture,Bangalore,5,3444
1236,2025-09-07,Sofa,Furniture,Delhi,4,15172
1237,2025-06-30,Keyboard,Electronics,Pune,3,1306
1238,2025-07-15,Chair,Furniture,Bangalore,5,3475
1239,2025-02-23,Pen,Stationery,Delhi,4,310
1240,2025-11-30,Chair,Furniture,Mumbai,5,3433
1241,2025-01-29,Chair,Furniture,Chennai,5,3739
1242,2025-09-27,Pen,Stationery,Chennai,1,14
1243,2025-10-15,Bottle,Accessories,Chennai,5,237
1244,2025-08-04,Printer,Electronics,Mumbai,5,9698
1245,2025-06-05,Chair,Furniture,Hyderabad,1,3712
1246,2025-11-08,Sofa,Furniture,Bangalore,5,15048
1247,2025-02-22,Notebook,Stationery,Mumbai,2,363
1248,2025-04-19,Keyboard,Electronics,Pune,2,1166
1249,2025-03-06,Bag,Accessories,Chennai,5,1375
1250,2025-12-15,Mouse,Electronics,Hyderabad,1,781
1251,2025-02-09,Notebook,Stationery,Mumbai,2,92
1252,2025-09-08,Bottle,Accessories,Ahmedabad,2,539
1253,2025-08-05,Notebook,Stationery,Chennai,2,331
1254,2025-01-26,Mouse,Electronics,Chennai,3,591
1255,2025-05-09,Chair,Furniture,Pune,4,3554
1256,2025-03-13,Bag,Accessories,Hyderabad,3,1448
1257,2025-05-02,Laptop,Electronics,Kolkata,3,55132
1258,2025-12-31,Pen,Stationery,Mumbai,3,36
1259,2025-12-19,Bottle,Accessories,Bangalore,4,398
1260,2025-09-19,Laptop,Electronics,Delhi,3,55042
1261,2025-07-14,Mouse,Electronics,Bangalore,2,703
1262,2025-03-13,Keyboard,Electronics,Ahmedabad,3,1148
1263,2025-04-28,Sofa,Furniture,Mumbai,4,15152
1264,2025-04-21,Pen,Stationery,Hyderabad,3,143
1265,2025-07-24,Keyboard,Electronics,Bangalore,1,1207
1266,2025-02-03,Pen,Stationery,Hyderabad,1,113
1267,2025-09-22,Chair,Furniture,Kolkata,1,3520
1268,2025-07-09,Printer,Electronics,Chennai,3,9546
1269,2025-04-13,Notebook,Stationery,Delhi,2,206
1270,2025-09-17,Monitor,Electronics,Kolkata,2,8648
1271,2025-03-13,Chair,Furniture,Bangalore,4,3407
1272,2025-04-06,Table,Furniture,Pune,1,6987
1273,2025-08-23,Laptop,Electronics,Delhi,5,55101
1274,2025-05-27,Bottle,Accessories,Ahmedabad,3,396
1275,2025-04-01,Chair,Furniture,Hyderabad,5,3716
1276,2025-04-24,Laptop,Electronics,Pune,4,55112
1277,2025-05-03,Printer,Electronics,Kolkata,5,9772
1278,2025-05-31,Bottle,Accessories,Hyderabad,1,410
1279,2025-02-18,Monitor,Electronics,Delhi,5,8612
1280,2025-05-18,Notebook,Stationery,Bangalore,5,233
1281,2025-09-19,Pen,Stationery,Delhi,1,248
1282,2025-05-18,Keyboard,Electronics,Pune,5,1393
1283,2025-03-11,Chair,Furniture,Kolkata,5,3790
1284,2025-11-05,Monitor,Electronics,Ahmedabad,4,8700
1285,2025-04-05,Printer,Electronics,Ahmedabad,5,9734
1286,2025-05-20,Mouse,Electronics,Chennai,3,735
1287,2025-11-20,Chair,Furniture,Bangalore,4,3713
1288,2025-02-03,Sofa,Furniture,Ahmedabad,3,15255
1289,2025-08-29,Sofa,Furniture,Mumbai,2,15213
1290,2025-05-16,Table,Furniture,Chennai,5,7130
1291,2025-06-28,Keyboard,Electronics,Ahmedabad,3,1218
1292,2025-09-13,Chair,Furniture,Chennai,3,3677
1293,2025-10-04,Printer,Electronics,Hyderabad,4,9642
1294,2025-09-02,Notebook,Stationery,Pune,3,194
1295,2025-11-28,Mouse,Electronics,Hyderabad,3,436
1296,2025-05-20,Mouse,Electronics,Ahmedabad,2,690
1297,2025-01-11,Notebook,Stationery,Bangalore,3,88
1298,2025-07-08,Pen,Stationery,Chennai,1,22
1299,2025-07-26,Chair,Furniture,Hyderabad,1,3520
1300,2025-01-07,Notebook,Stationery,Kolkata,1,24
1301,2025-01-10,Chair,Furniture,Ahmedabad,5,3453
1302,2025-04-08,Monitor,Electronics,Pune,1,8691
1303,2025-06-04,Sofa,Furniture,Mumbai,4,14948
1304,2025-04-26,Mouse,Electronics,Pune,5,665
1305,2025-02-03,Bottle,Accessories,Bangalore,3,582
1306,2025-05-27,Notebook,Stationery,Mumbai,2,110
1307,2025-12-25,Notebook,Stationery,Kolkata,3,255
1308,2025-05-16,Table,Furniture,Bangalore,4,7140
1309,2025-09-19,Chair,Furniture,Hyderabad,5,3419
1310,2025-08-07,Mouse,Electronics,Ahmedabad,5,775
1311,2025-09-13,Monitor,Electronics,Bangalore,3,8691
1312,2025-08-29,Bag,Accessories,Hyderabad,3,1209
1313,2026-01-01,Sofa,Furniture,Kolkata,2,15139
1314,2025-06-24,Mouse,Electronics,Ahmedabad,4,738
1315,2025-06-18,Pen,Stationery,Delhi,1,56
1316,2025-08-30,Table,Furniture,Mumbai,1,6996
1317,2025-09-09,Pen,Stationery,Kolkata,3,262
1318,2025-02-02,Bottle,Accessories,Bangalore,2,428
1319,2025-06-19,Printer,Electronics,Ahmedabad,5,9479
1320,2025-07-26,Mouse,Electronics,Mumbai,1,695
1321,2025-12-21,Bottle,Accessories,Bangalore,4,353
1322,2025-09-15,Notebook,Stationery,Mumbai,1,361
1323,2025-09-22,Notebook,Stationery,Kolkata,1,245
1324,2025-06-06,Table,Furniture,Mumbai,2,6965
1325,2025-10-22,Bag,Accessories,Ahmedabad,1,1254
1326,2025-12-02,Notebook,Stationery,Pune,3,255
1327,2025-01-28,Printer,Electronics,Delhi,3,9408
1328,2025-06-11,Keyboard,Electronics,Kolkata,3,1226
1329,2025-08-21,Mouse,Electronics,Ahmedabad,2,495
1330,2025-08-13,Pen,Stationery,Mumbai,3,-22
1331,2025-03-15,Chair,Furniture,Pune,2,3527
1332,2025-04-01,Laptop,Electronics,Chennai,3,54938
1333,2025-08-30,Chair,Furniture,Delhi,2,3440
1334,2025-09-18,Laptop,Electronics,Ahmedabad,1,55134
1335,2025-01-03,Mouse,Electronics,Chennai,3,701
1336,2025-10-11,Printer,Electronics,Kolkata,2,9534
1337,2025-06-15,Laptop,Electronics,Delhi,5,54955
1338,2025-11-16,Pen,Stationery,Pune,3,-31
1339,2025-07-17,Pen,Stationery,Ahmedabad,3,51
1340,2025-06-09,Bottle,Accessories,Chennai,4,493
1341,2025-05-28,Chair,Furniture,Ahmedabad,5,3464
1342,2025-02-14,Printer,Electronics,Pune,1,9430
1343,2025-11-12,Keyboard,Electronics,Hyderabad,1,1468
1344,2025-04-19,Sofa,Furniture,Bangalore,2,14991
1345,2025-12-31,Notebook,Stationery,Delhi,4,268
1346,2025-05-10,Laptop,Electronics,Kolkata,3,55214
1347,2025-09-28,Sofa,Furniture,Delhi,2,15269
1348,2025-04-21,Table,Furniture,Hyderabad,1,7266
1349,2025-05-13,Keyboard,Electronics,Chennai,4,1387
1350,2025-06-07,Mouse,Electronics,Pune,1,740
1351,2025-04-21,Mouse,Electronics,Kolkata,5,699
1352,2025-11-15,Bottle,Accessories,Kolkata,2,548
1353,2025-09-20,Bag,Accessories,Hyderabad,4,1444
1354,2025-10-28,Laptop,Electronics,Kolkata,5,55163
1355,2025-10-27,Keyboard,Electronics,Mumbai,3,1409
1356,2025-05-11,Mouse,Electronics,Delhi,2,590
1357,2025-12-15,Printer,Electronics,Hyderabad,2,9506
1358,2025-02-25,Sofa,Furniture,Ahmedabad,3,15248
1359,2025-10-02,Notebook,Stationery,Hyderabad,2,317
1360,2025-01-06,Bottle,Accessories,Chennai,1,298
1361,2025-10-16,Table,Furniture,Mumbai,3,7014
1362,2025-03-24,Pen,Stationery,Pune,1,292
1363,2025-07-19,Table,Furniture,Hyderabad,5,7034
1364,2025-12-14,Table,Furniture,Ahmedabad,4,7206
1365,2025-01-25,Mouse,Electronics,Bangalore,2,614
1366,2025-04-09,Pen,Stationery,Kolkata,3,-12
1367,2025-03-30,Mouse,Electronics,Hyderabad,1,408
1368,2025-02-24,Pen,Stationery,Ahmedabad,2,-56
1369,2025-12-05,Printer,Electronics,Delhi,5,9483
1370,2025-12-05,Laptop,Electronics,Mumbai,5,54976
1371,2025-04-22,Chair,Furniture,Delhi,3,3527
1372,2025-10-09,Monitor,Electronics,Delhi,3,8719
1373,2025-01-22,Printer,Electronics,Bangalore,1,9565
1374,2025-01-17,Sofa,Furniture,Ahmedabad,4,15228
1375,2025-04-22,Notebook,Stationery,Ahmedabad,1,318
1376,2025-01-30,Chair,Furniture,Chennai,5,3649
1377,2025-12-24,Table,Furniture,Hyderabad,3,7164
1378,2025-08-11,Bag,Accessories,Pune,5,1242
1379,2025-02-01,Table,Furniture,Bangalore,1,7018
1380,2025-10-01,Table,Furniture,Mumbai,5,7088
1381,2025-02-01,Chair,Furniture,Mumbai,2,3634
1382,2025-01-05,Pen,Stationery,Mumbai,5,148
1383,2025-01-19,Table,Furniture,Delhi,1,7259
1384,2025-03-18,Keyboard,Electronics,Mumbai,3,1160
1385,2025-10-21,Keyboard,Electronics,Delhi,2,1107
1386,2025-06-26,Table,Furniture,Hyderabad,2,6989
1387,2025-01-09,Notebook,Stationery,Hyderabad,3,214
1388,2025-07-27,Pen,Stationery,Delhi,2,295
1389,2025-02-25,Monitor,Electronics,Ahmedabad,3,8403
1390,2025-05-30,Sofa,Furniture,Delhi,5,14971
1391,2025-05-19,Pen,Stationery,Mumbai,2,110
1392,2025-05-05,Keyboard,Electronics,Pune,5,1293
1393,2025-03-10,Pen,Stationery,Bangalore,5,28
1394,2025-07-06,Sofa,Furniture,Pune,5,14924
1395,2025-09-10,Bag,Accessories,Kolkata,5,1139
1396,2025-09-21,Bottle,Accessories,Pune,3,598
1397,2025-04-05,Monitor,Electronics,Ahmedabad,5,8578
1398,2025-08-13,Bottle,Accessories,Delhi,3,539
1399,2025-05-21,Chair,Furniture,Delhi,5,3424
1400,2025-12-25,Sofa,Furniture,Mumbai,1,15270
1401,2025-07-10,Monitor,Electronics,Pune,1,8716
1402,2025-03-05,Bottle,Accessories,Mumbai,1,560
1403,2025-11-16,Bag,Accessories,Hyderabad,1,1143
1404,2025-01-08,Sofa,Furniture,Ahmedabad,2,14938
1405,2025-12-05,Chair,Furniture,Hyderabad,2,3685
1406,2025-06-01,Notebook,Stationery,Kolkata,4,-4
1407,2025-04-23,Table,Furniture,Hyderabad,3,7075
1408,2025-06-01,Table,Furniture,Ahmedabad,3,6973
1409,2025-05-12,Sofa,Furniture,Chennai,2,15235
1410,2025-12-04,Laptop,Electronics,Hyderabad,2,55212
1411,2025-12-31,Bag,Accessories,Ahmedabad,3,1483
1412,2025-10-02,Laptop,Electronics,Pune,2,55279
1413,2025-04-11,Keyboard,Electronics,Hyderabad,4,1269
1414,2025-08-12,Bag,Accessories,Ahmedabad,1,1318
1415,2025-04-23,Sofa,Furniture,Delhi,4,14983
1416,2025-09-20,Laptop,Electronics,Kolkata,3,55294
1417,2025-05-23,Monitor,Electronics,Mumbai,1,8728
1418,2025-10-21,Printer,Electronics,Kolkata,3,9555
1419,2025-04-14,Table,Furniture,Bangalore,2,7258
1420,2025-12-19,Keyboard,Electronics,Bangalore,3,1128
1421,2025-05-09,Bottle,Accessories,Mumbai,5,520
1422,2025-01-31,Laptop,Electronics,Pune,1,54907
1423,2025-03-17,Pen,Stationery,Mumbai,2,-59
1424,2025-04-27,Notebook,Stationery,Mumbai,2,172
1425,2025-12-14,Mouse,Electronics,Hyderabad,5,791
1426,2025-03-18,Printer,Electronics,Hyderabad,5,9613
1427,2025-01-23,Notebook,Stationery,Chennai,1,-3
1428,2025-01-01,Printer,Electronics,Kolkata,4,9723
1429,2025-10-12,Pen,Stationery,Ahmedabad,3,188
1430,2025-03-05,Mouse,Electronics,Ahmedabad,5,791
1431,2025-02-06,Bottle,Accessories,Chennai,4,371
1432,2025-05-11,Notebook,Stationery,Hyderabad,1,298
1433,2025-12-05,Bag,Accessories,Kolkata,4,1356
1434,2025-04-10,Keyboard,Electronics,Bangalore,3,1113
1435,2025-09-15,Table,Furniture,Chennai,2,6999
1436,2025-03-16,Printer,Electronics,Ahmedabad,5,9685
1437,2025-10-08,Monitor,Electronics,Kolkata,3,8783
1438,2025-02-13,Bottle,Accessories,Kolkata,2,459
1439,2025-12-27,Laptop,Electronics,Ahmedabad,2,55027
1440,2025-03-23,Pen,Stationery,Hyderabad,1,291
1441,2025-12-02,Notebook,Stationery,Ahmedabad,4,62
1442,2025-12-04,Laptop,Electronics,Ahmedabad,5,55152
1443,2025-11-05,Keyboard,Electronics,Chennai,3,1183
1444,2025-07-05,Sofa,Furniture,Pune,2,15257
1445,2025-10-11,Monitor,Electronics,Hyderabad,2,8581
1446,2025-12-26,Table,Furniture,Bangalore,3,7151
1447,2025-07-09,Bottle,Accessories,Ahmedabad,1,550
1448,2025-01-13,Table,Furniture,Delhi,5,7290
1449,2025-04-04,Keyboard,Electronics,Pune,3,1290
1450,2025-06-05,Bottle,Accessories,Bangalore,4,341
1451,2025-09-18,Bottle,Accessories,Mumbai,5,597
1452,2025-02-10,Bottle,Accessories,Mumbai,1,279
1453,2025-05-01,Notebook,Stationery,Hyderabad,1,205
1454,2025-10-02,Chair,Furniture,Kolkata,5,3761
1455,2025-09-23,Keyboard,Electronics,Kolkata,4,1221
1456,2025-02-15,Sofa,Furniture,Kolkata,1,15290
1457,2025-10-15,Keyboard,Electronics,Mumbai,5,1500
1458,2025-02-22,Table,Furniture,Kolkata,3,6994
1459,2025-08-24,Keyboard,Electronics,Delhi,4,1145
1460,2025-11-05,Pen,Stationery,Ahmedabad,2,303
1461,2025-03-01,Notebook,Stationery,Hyderabad,5,369
1462,2025-04-28,Mouse,Electronics,Kolkata,3,404
1463,2025-06-05,Keyboard,Electronics,Ahmedabad,1,1159
1464,2025-05-11,Bottle,Accessories,Ahmedabad,5,410
1465,2025-09-23,Pen,Stationery,Bangalore,3,229
1466,2025-12-08,Pen,Stationery,Hyderabad,2,220
1467,2025-03-17,Printer,Electronics,Pune,2,9472
1468,2025-11-03,Monitor,Electronics,Kolkata,3,8640
1469,2025-04-26,Monitor,Electronics,Kolkata,3,8780
1470,2025-10-14,Notebook,Stationery,Bangalore,3,326
1471,2025-05-23,Bag,Accessories,Hyderabad,4,1499
1472,2025-11-04,Monitor,Electronics,Pune,1,8609
1473,2025-03-08,Printer,Electronics,Chennai,2,9547
1474,2025-10-23,Monitor,Electronics,Chennai,4,8445
1475,2025-03-13,Chair,Furniture,Mumbai,3,3454
1476,2025-11-21,Notebook,Stationery,Mumbai,4,253
1477,2025-05-16,Mouse,Electronics,Ahmedabad,1,769
1478,2025-07-08,Printer,Electronics,Hyderabad,5,9689
1479,2025-08-25,Pen,Stationery,Mumbai,4,182
1480,2025-02-27,Bottle,Accessories,Chennai,1,488
1481,2025-03-11,Mouse,Electronics,Delhi,5,527
1482,2025-07-28,Bag,Accessories,Mumbai,3,1358
1483,2025-09-12,Printer,Electronics,Delhi,4,9535
1484,2025-10-08,Laptop,Electronics,Pune,2,54967
1485,2025-01-16,Mouse,Electronics,Ahmedabad,3,471
1486,2025-01-28,Chair,Furniture,Ahmedabad,3,3424
1487,2025-03-02,Keyboard,Electronics,Mumbai,1,1436
1488,2025-11-17,Monitor,Electronics,Ahmedabad,1,8506
1489,2025-11-02,Chair,Furniture,Kolkata,5,3666
1490,2025-03-03,Printer,Electronics,Delhi,2,9576
1491,2025-06-05,Notebook,Stationery,Pune,5,4
1492,2025-05-10,Keyboard,Electronics,Chennai,5,1267
1493,2025-08-15,Printer,Electronics,Pune,5,9751
1494,2025-10-02,Chair,Furniture,Delhi,5,3652
1495,2025-06-04,Bottle,Accessories,Ahmedabad,2,487
1496,2025-12-23,Laptop,Electronics,Bangalore,1,55194
1497,2025-09-13,Laptop,Electronics,Bangalore,2,55059
1498,2025-01-04,Printer,Electronics,Hyderabad,3,9595
1499,2025-03-19,Laptop,Electronics,Hyderabad,2,54996
1500,2025-06-11,Mouse,Electronics,Hyderabad,3,409
1501,2025-05-17,Chair,Furniture,Delhi,3,3661
1502,2025-03-31,Notebook,Stationery,Hyderabad,5,125
1503,2025-03-28,Table,Furniture,Mumbai,1,7165
1504,2025-03-01,Keyboard,Electronics,Kolkata,2,1476
1505,2025-05-24,Sofa,Furniture,Hyderabad,1,15204
1506,2025-04-21,Sofa,Furniture,Delhi,5,15173
1507,2025-12-02,Bottle,Accessories,Kolkata,3,584
1508,2025-10-27,Printer,Electronics,Pune,1,9540
1509,2025-01-19,Notebook,Stationery,Kolkata,5,299
1510,2025-10-01,Pen,Stationery,Hyderabad,1,30
1511,2025-08-26,Chair,Furniture,Pune,1,3685
1512,2025-12-18,Bag,Accessories,Ahmedabad,4,1284
1513,2025-11-05,Bottle,Accessories,Pune,4,281
1514,2025-03-08,Pen,Stationery,Bangalore,4,154
1515,2025-11-10,Table,Furniture,Hyderabad,5,7200
1516,2025-11-10,Table,Furniture,Chennai,5,7052
1517,2025-08-07,Bag,Accessories,Delhi,1,1109
1518,2025-03-17,Keyboard,Electronics,Ahmedabad,2,1227
1519,2025-06-21,Sofa,Furniture,Chennai,1,15106
1520,2025-07-13,Table,Furniture,Ahmedabad,3,6989
1521,2025-12-16,Monitor,Electronics,Pune,3,8757
1522,2025-03-26,Pen,Stationery,Pune,2,6
1523,2025-11-26,Bag,Accessories,Delhi,3,1476
1524,2025-12-19,Keyboard,Electronics,Bangalore,1,1372
1525,2025-08-10,Table,Furniture,Mumbai,2,7146
1526,2025-04-20,Sofa,Furniture,Ahmedabad,4,14963
1527,2025-01-23,Bag,Accessories,Kolkata,2,1392
1528,2025-08-13,Printer,Electronics,Bangalore,1,9465
1529,2025-08-16,Bag,Accessories,Bangalore,1,1397
1530,2025-10-28,Notebook,Stationery,Pune,1,65
1531,2025-08-13,Pen,Stationery,Delhi,1,-69
1532,2025-09-07,Mouse,Electronics,Bangalore,3,769
1533,2025-12-03,Printer,Electronics,Mumbai,4,9724
1534,2025-02-26,Keyboard,Electronics,Bangalore,2,1443
1535,2025-02-01,Bag,Accessories,Pune,3,1198
1536,2025-11-25,Notebook,Stationery,Ahmedabad,2,234
1537,2025-06-13,Chair,Furniture,Ahmedabad,1,3630
1538,2025-03-18,Sofa,Furniture,Delhi,4,14922
1539,2025-01-10,Bag,Accessories,Chennai,4,1273
1540,2025-10-03,Table,Furniture,Pune,4,7030
1541,2025-12-14,Sofa,Furniture,Bangalore,5,15015
1542,2025-07-30,Laptop,Electronics,Hyderabad,3,55242
1543,2025-09-03,Mouse,Electronics,Mumbai,5,520
1544,2025-12-18,Notebook,Stationery,Delhi,4,233
1545,2025-08-01,Monitor,Electronics,Kolkata,3,8657
1546,2025-05-04,Pen,Stationery,Chennai,5,288
1547,2025-07-02,Laptop,Electronics,Bangalore,5,54915
1548,2025-11-24,Pen,Stationery,Hyderabad,1,-60
1549,2025-02-27,Bottle,Accessories,Ahmedabad,3,346
1550,2025-05-20,Notebook,Stationery,Ahmedabad,5,366
1551,2025-01-28,Keyboard,Electronics,Delhi,1,1228
1552,2025-06-18,Table,Furniture,Delhi,2,7132
1553,2025-02-22,Sofa,Furniture,Mumbai,4,15286
1554,2025-12-24,Bag,Accessories,Ahmedabad,3,1312
1555,2025-02-01,Table,Furniture,Ahmedabad,5,7019
1556,2025-05-27,Notebook,Stationery,Delhi,5,216
1557,2025-10-18,Printer,Electronics,Chennai,4,9544
1558,2025-10-17,Printer,Electronics,Delhi,3,9680
1559,2025-07-09,Sofa,Furniture,Delhi,2,15108
1560,2025-11-05,Mouse,Electronics,Bangalore,2,432
1561,2025-06-06,Monitor,Electronics,Ahmedabad,4,8744
1562,2025-08-06,Printer,Electronics,Kolkata,2,9632
1563,2025-12-29,Chair,Furniture,Hyderabad,3,3765
1564,2025-06-10,Printer,Electronics,Chennai,1,9451
1565,2025-11-21,Notebook,Stationery,Chennai,1,354
1566,2025-06-25,Printer,Electronics,Chennai,3,9626
1567,2025-01-04,Table,Furniture,Chennai,2,7113
1568,2025-09-02,Bottle,Accessories,Delhi,1,279
1569,2025-09-29,Bag,Accessories,Delhi,4,1482
1570,2025-12-12,Printer,Electronics,Bangalore,4,9454
1571,2025-10-26,Sofa,Furniture,Delhi,1,14906
1572,2025-03-05,Chair,Furniture,Ahmedabad,3,3666
1573,2025-08-20,Pen,Stationery,Bangalore,3,46
1574,2025-11-20,Table,Furniture,Hyderabad,1,6903
1575,2025-07-30,Pen,Stationery,Kolkata,1,205
1576,2025-09-28,Bag,Accessories,Bangalore,2,1448
1577,2025-07-13,Keyboard,Electronics,Kolkata,4,1237
1578,2025-03-22,Bottle,Accessories,Bangalore,5,592
1579,2025-03-05,Notebook,Stationery,Chennai,4,-17
1580,2025-12-26,Notebook,Stationery,Delhi,3,257
1581,2025-02-19,Printer,Electronics,Delhi,5,9696
1582,2025-03-02,Laptop,Electronics,Bangalore,1,55178
1583,2025-04-22,Printer,Electronics,Ahmedabad,2,9642
1584,2025-06-10,Mouse,Electronics,Ahmedabad,5,767
1585,2025-06-07,Printer,Electronics,Pune,2,9640
1586,2025-05-27,Printer,Electronics,Mumbai,5,9539
1587,2025-05-01,Laptop,Electronics,Mumbai,4,55221
1588,2025-10-05,Table,Furniture,Ahmedabad,3,7064
1589,2025-06-09,Bag,Accessories,Mumbai,1,1107
1590,2025-02-06,Printer,Electronics,Delhi,3,9704
1591,2025-09-10,Table,Furniture,Ahmedabad,5,6927
1592,2025-02-23,Bottle,Accessories,Delhi,3,467
1593,2025-02-02,Monitor,Electronics,Delhi,5,8507
1594,2025-04-07,Monitor,Electronics,Bangalore,5,8588
1595,2025-08-13,Table,Furniture,Delhi,4,7213
1596,2025-10-08,Table,Furniture,Pune,1,7073
1597,2025-04-22,Bottle,Accessories,Chennai,2,270
1598,2025-11-18,Printer,Electronics,Hyderabad,3,9784
1599,2025-01-21,Notebook,Stationery,Delhi,4,2
1600,2025-07-14,Table,Furniture,Mumbai,4,7294
1601,2025-09-21,Keyboard,Electronics,Pune,2,1159
1602,2025-04-12,Bag,Accessories,Hyderabad,5,1378
1603,2025-10-28,Pen,Stationery,Delhi,2,-41
1604,2025-05-29,Printer,Electronics,Ahmedabad,3,9681
1605,2025-11-30,Keyboard,Electronics,Delhi,3,1355
1606,2025-10-18,Mouse,Electronics,Ahmedabad,1,406
1607,2025-04-04,Pen,Stationery,Chennai,2,164
1608,2025-12-29,Laptop,Electronics,Pune,3,55124
1609,2025-08-19,Notebook,Stationery,Pune,1,366
1610,2025-08-28,Monitor,Electronics,Kolkata,2,8583
1611,2025-07-23,Chair,Furniture,Bangalore,2,3749
1612,2025-05-07,Sofa,Furniture,Pune,5,15107
1613,2025-03-15,Mouse,Electronics,Delhi,2,482
1614,2025-11-06,Printer,Electronics,Pune,4,9583
1615,2025-01-12,Notebook,Stationery,Bangalore,5,54
1616,2025-02-09,Monitor,Electronics,Pune,4,8665
1617,2025-07-11,Bag,Accessories,Delhi,1,1332
1618,2025-08-15,Chair,Furniture,Ahmedabad,2,3454
1619,2025-06-10,Chair,Furniture,Kolkata,3,3720
1620,2025-08-17,Monitor,Electronics,Mumbai,1,8461
1621,2025-07-19,Pen,Stationery,Kolkata,5,254
1622,2025-07-14,Laptop,Electronics,Hyderabad,1,55182
1623,2025-01-15,Table,Furniture,Bangalore,3,6985
1624,2025-11-30,Notebook,Stationery,Mumbai,2,169
1625,2025-01-31,Printer,Electronics,Bangalore,1,9461
1626,2025-04-23,Printer,Electronics,Ahmedabad,5,9788
1627,2025-01-19,Bottle,Accessories,Hyderabad,5,547
1628,2025-07-17,Printer,Electronics,Pune,3,9434
1629,2025-09-12,Sofa,Furniture,Kolkata,3,15220
1630,2025-07-23,Table,Furniture,Bangalore,3,7163
1631,2025-12-14,Notebook,Stationery,Pune,3,27
1632,2025-05-27,Sofa,Furniture,Chennai,1,15254
1633,2025-08-23,Bag,Accessories,Chennai,4,1242
1634,2025-04-14,Keyboard,Electronics,Pune,2,1186
1635,2025-03-16,Chair,Furniture,Ahmedabad,2,3572
1636,2025-06-01,Laptop,Electronics,Hyderabad,4,55142
1637,2025-07-31,Mouse,Electronics,Delhi,4,617
1638,2025-05-03,Keyboard,Electronics,Mumbai,5,1210
1639,2025-06-05,Monitor,Electronics,Bangalore,3,8697
1640,2025-06-03,Sofa,Furniture,Mumbai,5,15182
1641,2025-01-26,Table,Furniture,Delhi,1,7141
1642,2025-04-11,Monitor,Electronics,Kolkata,1,8699
1643,2025-06-20,Table,Furniture,Kolkata,4,7273
1644,2025-02-05,Laptop,Electronics,Mumbai,4,55147
1645,2025-09-10,Laptop,Electronics,Ahmedabad,3,54912
1646,2025-02-25,Bag,Accessories,Ahmedabad,5,1240
1647,2025-06-24,Table,Furniture,Kolkata,3,6909
1648,2025-04-25,Chair,Furniture,Hyderabad,5,3722
1649,2025-02-03,Laptop,Electronics,Kolkata,1,54946
1650,2025-02-19,Laptop,Electronics,Ahmedabad,4,55100
1651,2025-06-03,Table,Furniture,Bangalore,2,6903
1652,2025-09-18,Monitor,Electronics,Ahmedabad,3,8650
1653,2025-10-17,Chair,Furniture,Chennai,4,3648
1654,2025-05-22,Chair,Furniture,Chennai,1,3512
1655,2025-09-22,Keyboard,Electronics,Pune,3,1197
1656,2025-07-05,Keyboard,Electronics,Chennai,2,1115
1657,2025-04-28,Monitor,Electronics,Ahmedabad,4,8682
1658,2025-09-02,Laptop,Electronics,Kolkata,2,55258
1659,2025-05-08,Laptop,Electronics,Hyderabad,3,54982
1660,2025-06-02,Keyboard,Electronics,Chennai,3,1284
1661,2025-07-02,Monitor,Electronics,Ahmedabad,3,8573
1662,2025-07-21,Table,Furniture,Hyderabad,1,7257
1663,2025-01-08,Table,Furniture,Hyderabad,1,7213
1664,2025-05-12,Notebook,Stationery,Bangalore,1,279
1665,2025-01-15,Mouse,Electronics,Delhi,5,704
1666,2025-02-24,Table,Furniture,Chennai,5,7243
1667,2025-10-29,Monitor,Electronics,Pune,3,8570
1668,2025-05-12,Laptop,Electronics,Delhi,3,55274
1669,2025-09-12,Printer,Electronics,Hyderabad,1,9758
1670,2025-02-06,Mouse,Electronics,Mumbai,2,423
1671,2025-03-22,Chair,Furniture,Kolkata,5,3575
1672,2025-12-14,Mouse,Electronics,Delhi,3,784
1673,2025-06-06,Mouse,Electronics,Ahmedabad,3,580
1674,2025-10-28,Sofa,Furniture,Delhi,5,15295
1675,2025-01-10,Keyboard,Electronics,Ahmedabad,3,1252
1676,2025-06-13,Sofa,Furniture,Delhi,4,15287
1677,2025-12-06,Notebook,Stationery,Chennai,1,162
1678,2025-03-14,Notebook,Stationery,Ahmedabad,4,46
1679,2025-07-28,Bag,Accessories,Delhi,1,1161
1680,2025-10-21,Bottle,Accessories,Kolkata,5,412
1681,2025-02-26,Printer,Electronics,Pune,5,9678
1682,2025-09-16,Pen,Stationery,Kolkata,5,275
1683,2025-01-10,Keyboard,Electronics,Hyderabad,3,1492
1684,2025-12-09,Sofa,Furniture,Hyderabad,5,15189
1685,2025-06-05,Pen,Stationery,Mumbai,2,242
1686,2025-11-06,Laptop,Electronics,Kolkata,3,55110
1687,2025-09-30,Laptop,Electronics,Pune,3,55163
1688,2025-11-29,Keyboard,Electronics,Mumbai,5,1248
1689,2025-06-24,Keyboard,Electronics,Kolkata,4,1380
1690,2025-09-24,Printer,Electronics,Delhi,1,9504
1691,2025-04-30,Pen,Stationery,Pune,2,282
1692,2025-02-10,Notebook,Stationery,Ahmedabad,1,78
1693,2025-09-11,Table,Furniture,Bangalore,1,7111
1694,2025-09-17,Bag,Accessories,Chennai,3,1481
1695,2025-11-06,Notebook,Stationery,Pune,5,324
1696,2025-09-30,Mouse,Electronics,Pune,2,671
1697,2025-04-20,Bottle,Accessories,Mumbai,5,220
1698,2025-08-10,Mouse,Electronics,Ahmedabad,1,791
1699,2025-12-22,Mouse,Electronics,Kolkata,3,781
1700,2025-12-26,Table,Furniture,Chennai,5,6948
1701,2025-03-02,Mouse,Electronics,Mumbai,2,585
1702,2025-10-13,Mouse,Electronics,Mumbai,2,457
1703,2025-03-03,Bag,Accessories,Kolkata,2,1426
1704,2025-10-08,Pen,Stationery,Delhi,5,151
1705,2025-11-30,Sofa,Furniture,Mumbai,3,14939
1706,2025-05-16,Pen,Stationery,Hyderabad,5,95
1707,2025-08-28,Bottle,Accessories,Ahmedabad,1,201
1708,2025-08-27,Monitor,Electronics,Pune,3,8468
1709,2025-10-08,Laptop,Electronics,Delhi,1,55234
1710,2025-07-24,Table,Furniture,Bangalore,2,6991
1711,2025-01-11,Laptop,Electronics,Ahmedabad,5,54956
1712,2025-07-17,Keyboard,Electronics,Mumbai,1,1219
1713,2025-09-14,Table,Furniture,Ahmedabad,2,6988
1714,2025-11-08,Bag,Accessories,Ahmedabad,5,1500
1715,2025-06-06,Bag,Accessories,Kolkata,2,1371
1716,2025-04-11,Pen,Stationery,Pune,4,49
1717,2025-06-02,Keyboard,Electronics,Kolkata,3,1284
1718,2025-07-07,Keyboard,Electronics,Bangalore,5,1339
1719,2025-09-23,Table,Furniture,Ahmedabad,2,7246
1720,2025-05-01,Sofa,Furniture,Chennai,3,15047
1721,2025-06-05,Bag,Accessories,Hyderabad,2,1413
1722,2025-09-19,Laptop,Electronics,Chennai,5,55112
1723,2025-08-24,Notebook,Stationery,Chennai,1,319
1724,2025-08-18,Keyboard,Electronics,Mumbai,5,1125
1725,2025-05-22,Monitor,Electronics,Bangalore,2,8703
1726,2025-05-22,Sofa,Furniture,Chennai,3,15048
1727,2025-10-17,Bag,Accessories,Kolkata,2,1428
1728,2025-04-09,Sofa,Furniture,Pune,5,15053
1729,2025-01-10,Keyboard,Electronics,Ahmedabad,3,1237
1730,2025-03-22,Mouse,Electronics,Mumbai,4,504
1731,2025-11-11,Bag,Accessories,Delhi,2,1221
1732,2025-08-31,Printer,Electronics,Mumbai,5,9781
1733,2025-03-09,Table,Furniture,Delhi,3,7273
1734,2025-07-18,Keyboard,Electronics,Pune,1,1241
1735,2025-05-12,Mouse,Electronics,Chennai,2,485
1736,2025-07-01,Bottle,Accessories,Mumbai,3,472
1737,2025-02-12,Monitor,Electronics,Ahmedabad,1,8639
1738,2025-07-15,Sofa,Furniture,Delhi,2,15170
1739,2025-10-01,Mouse,Electronics,Ahmedabad,4,760
1740,2025-10-07,Bag,Accessories,Delhi,4,1208
1741,2025-04-25,Bottle,Accessories,Kolkata,3,460
1742,2025-02-20,Bag,Accessories,Mumbai,5,1327
1743,2025-07-24,Sofa,Furniture,Delhi,5,15068
1744,2025-07-03,Bottle,Accessories,Chennai,5,536
1745,2025-03-17,Printer,Electronics,Delhi,5,9701
1746,2025-09-28,Notebook,Stationery,Bangalore,4,132
1747,2025-10-18,Pen,Stationery,Delhi,4,265
1748,2025-11-23,Sofa,Furniture,Chennai,2,15066
1749,2025-07-06,Mouse,Electronics,Pune,5,431
1750,2025-03-17,Keyboard,Electronics,Pune,5,1331
1751,2025-09-12,Notebook,Stationery,Pune,1,24
1752,2025-12-22,Laptop,Electronics,Bangalore,5,55137
1753,2025-08-26,Notebook,Stationery,Ahmedabad,1,300
1754,2025-01-13,Sofa,Furniture,Ahmedabad,4,15200
1755,2025-01-15,Bag,Accessories,Kolkata,3,1382
1756,2025-05-21,Bag,Accessories,Ahmedabad,3,1397
1757,2025-05-27,Notebook,Stationery,Pune,3,232
1758,2025-11-15,Table,Furniture,Ahmedabad,1,6994
1759,2025-01-27,Notebook,Stationery,Bangalore,2,125
1760,2025-06-12,Chair,Furniture,Ahmedabad,5,3747
1761,2025-02-28,Sofa,Furniture,Mumbai,4,15239
1762,2025-03-06,Keyboard,Electronics,Hyderabad,2,1259
1763,2025-06-18,Chair,Furniture,Hyderabad,1,3766
1764,2025-07-09,Bag,Accessories,Kolkata,2,1374
1765,2025-12-21,Bottle,Accessories,Mumbai,1,381
1766,2025-11-10,Keyboard,Electronics,Pune,5,1156
1767,2025-10-01,Table,Furniture,Kolkata,2,6931
1768,2025-11-03,Pen,Stationery,Kolkata,5,121
1769,2025-04-11,Pen,Stationery,Hyderabad,4,115
1770,2025-04-04,Sofa,Furniture,Kolkata,4,15254
1771,2025-09-01,Bag,Accessories,Pune,1,1226
1772,2025-09-18,Bag,Accessories,Kolkata,5,1271
1773,2025-10-29,Keyboard,Electronics,Kolkata,3,1386
1774,2025-05-19,Notebook,Stationery,Chennai,5,326
1775,2025-01-05,Sofa,Furniture,Kolkata,1,15154
1776,2025-01-29,Bottle,Accessories,Pune,4,364
1777,2025-06-29,Table,Furniture,Delhi,1,7101
1778,2025-09-07,Notebook,Stationery,Pune,1,364
1779,2025-05-12,Pen,Stationery,Chennai,5,86
1780,2025-03-21,Pen,Stationery,Hyderabad,5,113
1781,2025-03-04,Table,Furniture,Bangalore,4,7152
1782,2025-03-18,Notebook,Stationery,Bangalore,3,296
1783,2025-07-04,Mouse,Electronics,Mumbai,3,777
1784,2025-03-29,Monitor,Electronics,Chennai,5,8567
1785,2025-03-24,Monitor,Electronics,Ahmedabad,4,8408
1786,2025-03-26,Bag,Accessories,Kolkata,3,1256
1787,2025-09-27,Monitor,Electronics,Mumbai,5,8423
1788,2025-04-07,Bag,Accessories,Kolkata,1,1350
1789,2025-10-22,Notebook,Stationery,Pune,1,268
1790,2025-05-12,Bag,Accessories,Hyderabad,5,1385
1791,2025-03-24,Printer,Electronics,Bangalore,1,9493
1792,2025-07-29,Keyboard,Electronics,Hyderabad,4,1495
1793,2025-12-28,Keyboard,Electronics,Ahmedabad,1,1487
1794,2025-07-11,Pen,Stationery,Pune,5,-53
1795,2025-03-24,Monitor,Electronics,Hyderabad,2,8561
1796,2025-05-03,Sofa,Furniture,Delhi,2,15225
1797,2025-03-16,Table,Furniture,Chennai,5,7148
1798,2025-02-05,Laptop,Electronics,Chennai,2,55105
1799,2025-12-02,Monitor,Electronics,Chennai,2,8730
1800,2025-10-18,Mouse,Electronics,Pune,1,634
1801,2025-03-13,Laptop,Electronics,Pune,3,54924
1802,2025-08-17,Table,Furniture,Delhi,3,7064
1803,2025-09-05,Sofa,Furniture,Mumbai,2,15151
1804,2025-10-22,Chair,Furniture,Ahmedabad,4,3748
1805,2025-03-13,Chair,Furniture,Ahmedabad,3,3507
1806,2025-05-24,Monitor,Electronics,Delhi,4,8570
1807,2025-10-08,Printer,Electronics,Hyderabad,3,9549
1808,2025-10-23,Table,Furniture,Mumbai,5,7118
1809,2025-01-05,Chair,Furniture,Kolkata,5,3742
1810,2025-12-07,Printer,Electronics,Ahmedabad,3,9434
1811,2025-04-07,Bottle,Accessories,Mumbai,1,344
1812,2025-12-18,Printer,Electronics,Pune,2,9590
1813,2025-03-14,Notebook,Stationery,Mumbai,4,63
1814,2025-01-06,Notebook,Stationery,Hyderabad,3,64
1815,2025-07-27,Pen,Stationery,Bangalore,4,137
1816,2025-01-25,Bag,Accessories,Mumbai,1,1239
1817,2025-05-05,Chair,Furniture,Pune,3,3486
1818,2025-02-16,Mouse,Electronics,Bangalore,2,622
1819,2025-11-28,Printer,Electronics,Ahmedabad,5,9576
1820,2025-09-23,Monitor,Electronics,Ahmedabad,1,8453
1821,2025-11-19,Monitor,Electronics,Hyderabad,3,8658
1822,2025-03-05,Bag,Accessories,Delhi,3,1116
1823,2025-01-19,Printer,Electronics,Chennai,3,9554
1824,2025-07-06,Table,Furniture,Kolkata,3,6969
1825,2025-10-03,Notebook,Stationery,Ahmedabad,4,120
1826,2025-05-10,Keyboard,Electronics,Chennai,3,1269
1827,2025-01-19,Laptop,Electronics,Kolkata,3,54969
1828,2025-04-11,Printer,Electronics,Pune,3,9763
1829,2025-07-11,Chair,Furniture,Delhi,3,3630
1830,2025-10-08,Keyboard,Electronics,Hyderabad,4,1500
1831,2025-03-21,Mouse,Electronics,Bangalore,4,692
1832,2025-11-03,Mouse,Electronics,Ahmedabad,5,475
1833,2025-12-28,Bottle,Accessories,Hyderabad,2,537
1834,2025-01-03,Laptop,Electronics,Delhi,2,55175
1835,2025-09-02,Pen,Stationery,Chennai,3,-50
1836,2025-11-03,Sofa,Furniture,Pune,1,15134
1837,2025-05-24,Chair,Furniture,Ahmedabad,2,3677
1838,2025-11-15,Printer,Electronics,Ahmedabad,4,9574
1839,2025-05-30,Monitor,Electronics,Mumbai,5,8444
1840,2025-11-14,Monitor,Electronics,Hyderabad,1,8753
1841,2025-12-28,Mouse,Electronics,Delhi,5,697
1842,2025-01-31,Pen,Stationery,Bangalore,5,-58
1843,2025-02-25,Table,Furniture,Delhi,1,7109
1844,2025-10-19,Sofa,Furniture,Chennai,2,15133
1845,2025-10-21,Laptop,Electronics,Mumbai,4,55209
1846,2025-09-25,Bottle,Accessories,Delhi,2,442
1847,2025-05-28,Printer,Electronics,Mumbai,5,9635
1848,2025-08-29,Monitor,Electronics,Kolkata,3,8753
1849,2025-01-05,Chair,Furniture,Mumbai,3,3491
1850,2025-02-01,Bag,Accessories,Chennai,1,1152
1851,2025-05-09,Sofa,Furniture,Chennai,4,14915
1852,2025-08-17,Monitor,Electronics,Pune,4,8670
1853,2025-06-09,Sofa,Furniture,Bangalore,3,15114
1854,2025-08-29,Printer,Electronics,Delhi,1,9531
1855,2025-03-15,Chair,Furniture,Kolkata,2,3439
1856,2025-08-25,Table,Furniture,Chennai,5,7258
1857,2025-02-04,Mouse,Electronics,Mumbai,5,633
1858,2025-01-01,Notebook,Stationery,Bangalore,1,39
1859,2025-12-09,Bottle,Accessories,Delhi,5,422
1860,2025-01-27,Bag,Accessories,Ahmedabad,4,1192
1861,2025-08-16,Laptop,Electronics,Bangalore,5,55255
1862,2025-10-28,Printer,Electronics,Hyderabad,3,9614
1863,2025-01-29,Notebook,Stationery,Delhi,5,295
1864,2025-11-08,Mouse,Electronics,Delhi,4,734
1865,2025-12-28,Mouse,Electronics,Ahmedabad,5,633
1866,2025-03-01,Chair,Furniture,Kolkata,1,3545
1867,2025-08-11,Notebook,Stationery,Delhi,3,332
1868,2026-01-01,Monitor,Electronics,Chennai,5,8429
1869,2025-04-14,Mouse,Electronics,Hyderabad,1,411
1870,2025-11-20,Printer,Electronics,Delhi,5,9584
1871,2025-09-20,Bottle,Accessories,Hyderabad,5,305
1872,2025-03-31,Sofa,Furniture,Mumbai,2,15237
1873,2025-08-26,Notebook,Stationery,Pune,5,197
1874,2025-11-29,Chair,Furniture,Mumbai,4,3492
1875,2025-07-05,Mouse,Electronics,Mumbai,2,777
1876,2025-07-10,Bag,Accessories,Bangalore,5,1271
1877,2025-04-27,Printer,Electronics,Delhi,2,9531
1878,2025-10-21,Sofa,Furniture,Chennai,4,15300
1879,2025-04-24,Laptop,Electronics,Chennai,4,54956
1880,2025-10-05,Pen,Stationery,Bangalore,4,-62
1881,2025-10-11,Table,Furniture,Bangalore,4,7169
1882,2025-12-10,Mouse,Electronics,Kolkata,1,615
1883,2025-09-18,Laptop,Electronics,Pune,2,55221
1884,2025-08-23,Table,Furniture,Bangalore,2,7002
1885,2025-04-19,Sofa,Furniture,Ahmedabad,3,14901
1886,2025-06-05,Notebook,Stationery,Kolkata,2,290
1887,2025-02-21,Sofa,Furniture,Mumbai,2,15078
1888,2025-04-07,Bottle,Accessories,Ahmedabad,2,372
1889,2025-09-06,Table,Furniture,Kolkata,3,6910
1890,2025-11-09,Mouse,Electronics,Ahmedabad,2,762
1891,2025-02-28,Printer,Electronics,Bangalore,2,9685
1892,2025-09-07,Monitor,Electronics,Pune,5,8738
1893,2025-08-20,Printer,Electronics,Delhi,3,9722
1894,2025-08-12,Laptop,Electronics,Mumbai,4,55232
1895,2025-10-22,Notebook,Stationery,Mumbai,3,303
1896,2025-02-08,Keyboard,Electronics,Kolkata,1,1192
1897,2025-09-27,Table,Furniture,Pune,4,6998
1898,2025-08-19,Sofa,Furniture,Hyderabad,2,14977
1899,2025-06-25,Pen,Stationery,Mumbai,3,214
1900,2025-09-24,Notebook,Stationery,Hyderabad,4,267
1901,2025-12-28,Sofa,Furniture,Mumbai,3,14951
1902,2025-12-30,Sofa,Furniture,Chennai,1,15282
1903,2025-03-13,Printer,Electronics,Mumbai,5,9410
1904,2025-09-22,Laptop,Electronics,Mumbai,2,55082
1905,2025-12-21,Table,Furniture,Delhi,5,7106
1906,2025-06-11,Monitor,Electronics,Bangalore,5,8723
1907,2025-05-03,Bottle,Accessories,Chennai,2,530
1908,2025-02-10,Keyboard,Electronics,Kolkata,2,1328
1909,2025-11-22,Bag,Accessories,Ahmedabad,5,1154
1910,2025-05-21,Chair,Furniture,Mumbai,5,3636
1911,2025-12-17,Pen,Stationery,Pune,1,275
1912,2025-10-25,Monitor,Electronics,Pune,1,8482
1913,2025-05-09,Printer,Electronics,Kolkata,3,9603
1914,2025-08-24,Pen,Stationery,Pune,5,251
1915,2025-02-03,Sofa,Furniture,Hyderabad,3,15202
1916,2025-01-19,Keyboard,Electronics,Ahmedabad,3,1391
1917,2025-05-14,Table,Furniture,Delhi,2,7219
1918,2025-01-30,Printer,Electronics,Delhi,5,9737
1919,2025-07-22,Bag,Accessories,Hyderabad,5,1389
1920,2025-06-18,Keyboard,Electronics,Mumbai,4,1279
1921,2025-07-13,Chair,Furniture,Delhi,2,3522
1922,2025-04-22,Notebook,Stationery,Pune,2,37
1923,2025-09-09,Sofa,Furniture,Mumbai,5,14933
1924,2025-08-31,Notebook,Stationery,Pune,3,233
1925,2025-08-27,Chair,Furniture,Pune,4,3798
1926,2025-12-17,Bottle,Accessories,Ahmedabad,4,259
1927,2025-03-04,Keyboard,Electronics,Kolkata,2,1359
1928,2025-07-18,Sofa,Furniture,Bangalore,2,15152
1929,2025-01-19,Pen,Stationery,Delhi,4,227
1930,2025-02-17,Bag,Accessories,Mumbai,2,1439
1931,2025-05-05,Pen,Stationery,Kolkata,1,43
1932,2025-07-30,Bag,Accessories,Pune,2,1100
1933,2025-03-10,Chair,Furniture,Mumbai,4,3484
1934,2025-06-05,Notebook,Stationery,Kolkata,5,142
1935,2025-12-09,Table,Furniture,Kolkata,3,6948
1936,2025-05-02,Printer,Electronics,Hyderabad,4,9557
1937,2025-11-27,Notebook,Stationery,Ahmedabad,3,44
1938,2025-05-15,Printer,Electronics,Ahmedabad,5,9787
1939,2025-11-12,Chair,Furniture,Delhi,4,3647
1940,2025-01-25,Bottle,Accessories,Hyderabad,2,222
1941,2025-02-27,Monitor,Electronics,Pune,2,8425
1942,2025-02-14,Printer,Electronics,Chennai,5,9441
1943,2025-01-26,Pen,Stationery,Ahmedabad,3,-56
1944,2025-11-19,Keyboard,Electronics,Mumbai,1,1451
1945,2025-03-06,Bottle,Accessories,Pune,1,200
1946,2025-05-09,Table,Furniture,Kolkata,4,7134
1947,2025-04-13,Printer,Electronics,Hyderabad,2,9518
1948,2025-10-07,Mouse,Electronics,Hyderabad,1,543
1949,2025-01-19,Monitor,Electronics,Bangalore,4,8426
1950,2025-10-19,Bottle,Accessories,Hyderabad,3,410
1951,2025-08-15,Notebook,Stationery,Bangalore,2,12
1952,2025-02-16,Bag,Accessories,Pune,3,1476
1953,2025-03-01,Laptop,Electronics,Ahmedabad,5,55061
1954,2025-01-18,Chair,Furniture,Hyderabad,2,3444
1955,2025-12-07,Mouse,Electronics,Kolkata,3,549
1956,2025-09-28,Laptop,Electronics,Ahmedabad,1,54903
1957,2025-03-23,Table,Furniture,Ahmedabad,5,7030
1958,2025-05-26,Notebook,Stationery,Hyderabad,5,166
1959,2025-09-28,Bottle,Accessories,Delhi,5,424
1960,2025-10-31,Pen,Stationery,Chennai,2,52
1961,2025-07-06,Printer,Electronics,Bangalore,3,9456
1962,2025-01-02,Sofa,Furniture,Ahmedabad,5,15139
1963,2025-04-04,Keyboard,Electronics,Ahmedabad,4,1483
1964,2025-02-19,Bag,Accessories,Kolkata,1,1102
1965,2025-04-30,Printer,Electronics,Chennai,2,9672
1966,2025-01-16,Sofa,Furniture,Kolkata,5,15205
1967,2025-03-01,Bag,Accessories,Chennai,3,1466
1968,2025-03-14,Chair,Furniture,Hyderabad,3,3643
1969,2025-11-28,Laptop,Electronics,Mumbai,2,55232
1970,2025-05-12,Notebook,Stationery,Ahmedabad,3,244
1971,2025-06-28,Bottle,Accessories,Mumbai,5,561
1972,2025-12-18,Mouse,Electronics,Chennai,3,737
1973,2025-02-10,Table,Furniture,Delhi,1,6937
1974,2025-12-25,Table,Furniture,Chennai,2,6910
1975,2025-01-12,Pen,Stationery,Mumbai,5,18
1976,2025-04-24,Printer,Electronics,Hyderabad,1,9598
1977,2025-02-26,Bottle,Accessories,Chennai,3,356
1978,2025-07-16,Table,Furniture,Hyderabad,2,7139
1979,2025-06-21,Table,Furniture,Hyderabad,1,6911
1980,2025-08-28,Laptop,Electronics,Kolkata,4,55175
1981,2025-03-23,Pen,Stationery,Ahmedabad,4,64
1982,2025-10-22,Bottle,Accessories,Bangalore,1,468
1983,2025-01-09,Monitor,Electronics,Bangalore,5,8654
1984,2025-01-23,Chair,Furniture,Ahmedabad,3,3454
1985,2025-08-31,Chair,Furniture,Delhi,4,3521
1986,2025-05-03,Laptop,Electronics,Delhi,3,55277
1987,2025-04-01,Bag,Accessories,Kolkata,1,1387
1988,2025-11-28,Laptop,Electronics,Ahmedabad,5,55263
1989,2025-04-20,Pen,Stationery,Mumbai,5,131
1990,2025-08-30,Chair,Furniture,Hyderabad,1,3797
1991,2025-12-10,Table,Furniture,Pune,4,7286
1992,2025-02-14,Notebook,Stationery,Mumbai,1,379
1993,2025-04-14,Sofa,Furniture,Hyderabad,3,15241
1994,2025-07-15,Bottle,Accessories,Hyderabad,3,219
1995,2025-08-07,Mouse,Electronics,Hyderabad,2,495
1996,2025-05-30,Chair,Furniture,Hyderabad,2,3724
1997,2025-05-03,Laptop,Electronics,Bangalore,4,55213
1998,2025-06-03,Sofa,Furniture,Ahmedabad,2,15147
1999,2025-03-08,Printer,Electronics,Kolkata,4,9791
2000,2025-10-04,Notebook,Stationery,Bangalore,1,36
2001,2025-08-10,Bag,Accessories,Delhi,5,1396
2002,2025-10-28,Pen,Stationery,Delhi,4,32
2003,2025-05-01,Keyboard,Electronics,Hyderabad,1,1224
2004,2025-09-05,Monitor,Electronics,Hyderabad,4,8415
2005,2025-06-27,Keyboard,Electronics,Chennai,3,1143
2006,2025-08-02,Pen,Stationery,Pune,2,272
2007,2025-04-29,Notebook,Stationery,Bangalore,1,48
2008,2025-10-14,Sofa,Furniture,Kolkata,3,15268
2009,2025-08-03,Monitor,Electronics,Bangalore,2,8578
2010,2025-11-24,Pen,Stationery,Mumbai,4,46
2011,2025-04-02,Keyboard,Electronics,Chennai,3,1251
2012,2025-03-30,Notebook,Stationery,Kolkata,4,119
2013,2025-12-02,Keyboard,Electronics,Hyderabad,5,1174
2014,2025-12-03,Keyboard,Electronics,Hyderabad,2,1434
2015,2025-08-08,Printer,Electronics,Ahmedabad,5,9550
2016,2025-08-13,Printer,Electronics,Bangalore,1,9449
2017,2025-05-30,Bottle,Accessories,Pune,4,383
2018,2025-03-17,Chair,Furniture,Mumbai,4,3570
2019,2025-11-15,Pen,Stationery,Chennai,4,120
2020,2025-06-20,Printer,Electronics,Hyderabad,3,9799
2021,2025-11-24,Pen,Stationery,Kolkata,4,-13
2022,2025-11-13,Bottle,Accessories,Ahmedabad,2,507
2023,2025-08-06,Chair,Furniture,Mumbai,4,3419
2024,2025-04-13,Pen,Stationery,Hyderabad,1,-73
2025,2025-02-01,Laptop,Electronics,Chennai,2,55222
2026,2025-08-30,Bag,Accessories,Chennai,1,1275
2027,2025-02-06,Bottle,Accessories,Delhi,2,362
2028,2025-03-16,Sofa,Furniture,Hyderabad,2,14956
2029,2025-10-06,Notebook,Stationery,Hyderabad,4,17
2030,2025-10-24,Pen,Stationery,Chennai,5,14
2031,2025-10-19,Monitor,Electronics,Mumbai,1,8571
2032,2025-10-19,Keyboard,Electronics,Delhi,5,1133
2033,2025-03-03,Laptop,Electronics,Hyderabad,2,55287
2034,2025-06-05,Bag,Accessories,Delhi,1,1482
2035,2025-10-04,Table,Furniture,Mumbai,1,7101
2036,2025-11-28,Bottle,Accessories,Pune,1,488
2037,2025-02-22,Bottle,Accessories,Mumbai,5,577
2038,2025-11-19,Bag,Accessories,Delhi,1,1111
2039,2025-08-31,Sofa,Furniture,Delhi,3,15106
2040,2025-09-18,Keyboard,Electronics,Mumbai,5,1252
2041,2025-12-28,Keyboard,Electronics,Kolkata,1,1295
2042,2025-12-28,Table,Furniture,Pune,1,6943
2043,2025-07-30,Bag,Accessories,Kolkata,5,1438
2044,2025-10-01,Chair,Furniture,Bangalore,1,3578
2045,2025-05-18,Monitor,Electronics,Chennai,3,8609
2046,2025-08-21,Bag,Accessories,Pune,1,1206
2047,2025-06-05,Chair,Furniture,Pune,5,3521
2048,2025-06-30,Sofa,Furniture,Mumbai,1,15203
2049,2025-09-14,Bottle,Accessories,Hyderabad,2,232
2050,2025-11-19,Bottle,Accessories,Mumbai,4,250
2051,2025-06-01,Keyboard,Electronics,Kolkata,1,1453
2052,2025-10-27,Sofa,Furniture,Kolkata,5,15269
2053,2025-11-04,Table,Furniture,Chennai,1,6976
2054,2025-02-18,Keyboard,Electronics,Pune,3,1280
2055,2025-09-19,Printer,Electronics,Delhi,3,9473
2056,2025-09-08,Bottle,Accessories,Delhi,2,276
2057,2025-08-17,Sofa,Furniture,Ahmedabad,1,15117
2058,2025-04-25,Pen,Stationery,Bangalore,3,41
2059,2025-03-30,Monitor,Electronics,Pune,4,8470
2060,2025-10-09,Notebook,Stationery,Delhi,3,84
2061,2025-04-03,Bottle,Accessories,Hyderabad,1,249
2062,2025-02-23,Bag,Accessories,Ahmedabad,5,1119
2063,2025-05-13,Printer,Electronics,Delhi,2,9787
2064,2025-01-28,Bottle,Accessories,Ahmedabad,1,376
2065,2025-09-30,Notebook,Stationery,Delhi,4,301
2066,2025-06-12,Table,Furniture,Ahmedabad,3,7219
2067,2025-04-06,Chair,Furniture,Chennai,4,3687
2068,2025-04-15,Notebook,Stationery,Chennai,1,122
2069,2025-04-01,Table,Furniture,Mumbai,2,7093
2070,2025-01-25,Table,Furniture,Hyderabad,5,7004
2071,2025-10-04,Bag,Accessories,Pune,2,1496
2072,2025-08-30,Pen,Stationery,Hyderabad,4,-28
2073,2025-01-12,Laptop,Electronics,Hyderabad,1,55288
2074,2025-12-16,Table,Furniture,Bangalore,4,6936
2075,2025-12-24,Chair,Furniture,Pune,2,3604
2076,2025-05-20,Monitor,Electronics,Chennai,3,8418
2077,2025-12-11,Chair,Furniture,Kolkata,1,3471
2078,2025-08-17,Bottle,Accessories,Hyderabad,1,245
2079,2025-08-28,Monitor,Electronics,Mumbai,3,8635
2080,2025-05-06,Bag,Accessories,Kolkata,2,1263
2081,2025-09-15,Pen,Stationery,Pune,2,96
2082,2025-01-15,Monitor,Electronics,Mumbai,5,8431
2083,2025-09-23,Table,Furniture,Pune,3,7211
2084,2025-11-15,Printer,Electronics,Hyderabad,1,9714
2085,2025-07-01,Bottle,Accessories,Pune,5,204
2086,2025-01-10,Bottle,Accessories,Delhi,5,396
2087,2025-02-15,Keyboard,Electronics,Mumbai,1,1283
2088,2025-12-07,Notebook,Stationery,Pune,4,-1
2089,2025-07-11,Bottle,Accessories,Hyderabad,1,543
2090,2025-08-19,Keyboard,Electronics,Kolkata,2,1332
2091,2025-04-03,Laptop,Electronics,Delhi,3,55217
2092,2025-03-24,Laptop,Electronics,Hyderabad,2,55222
2093,2025-05-11,Sofa,Furniture,Kolkata,5,15269
2094,2025-01-26,Keyboard,Electronics,Kolkata,1,1281
2095,2025-03-29,Chair,Furniture,Chennai,2,3687
2096,2025-02-15,Bottle,Accessories,Delhi,2,596
2097,2025-06-02,Bag,Accessories,Pune,3,1267
2098,2025-01-26,Bottle,Accessories,Pune,5,389
2099,2025-08-30,Laptop,Electronics,Ahmedabad,4,55186
2100,2025-04-20,Sofa,Furniture,Kolkata,4,15118
2101,2025-05-12,Notebook,Stationery,Pune,4,332
2102,2025-02-08,Printer,Electronics,Delhi,2,9665
2103,2025-12-23,Bag,Accessories,Chennai,4,1452
2104,2025-05-25,Printer,Electronics,Hyderabad,2,9504
2105,2025-08-29,Printer,Electronics,Hyderabad,5,9436
2106,2025-08-30,Chair,Furniture,Bangalore,2,3562
2107,2025-03-13,Chair,Furniture,Ahmedabad,2,3756
2108,2025-01-16,Pen,Stationery,Hyderabad,2,111
2109,2025-02-08,Laptop,Electronics,Delhi,4,55005
2110,2025-03-12,Table,Furniture,Chennai,4,7155
2111,2025-03-24,Pen,Stationery,Mumbai,1,112
2112,2025-12-10,Table,Furniture,Hyderabad,3,7278
2113,2025-02-23,Monitor,Electronics,Bangalore,4,8780
2114,2025-08-26,Mouse,Electronics,Chennai,4,699
2115,2025-06-03,Bag,Accessories,Ahmedabad,4,1257
2116,2025-04-03,Sofa,Furniture,Kolkata,5,14907
2117,2025-07-03,Monitor,Electronics,Pune,1,8570
2118,2025-06-20,Printer,Electronics,Bangalore,2,9566
2119,2025-04-02,Chair,Furniture,Hyderabad,3,3641
2120,2025-02-26,Keyboard,Electronics,Hyderabad,1,1443
2121,2025-03-09,Sofa,Furniture,Hyderabad,3,15125
2122,2025-09-14,Bottle,Accessories,Mumbai,3,312
2123,2025-05-05,Mouse,Electronics,Kolkata,2,503
2124,2025-07-01,Notebook,Stationery,Hyderabad,5,243
2125,2025-06-06,Sofa,Furniture,Kolkata,1,15176
2126,2025-08-24,Mouse,Electronics,Pune,1,711
2127,2025-04-06,Bag,Accessories,Hyderabad,2,1236
2128,2025-01-07,Sofa,Furniture,Hyderabad,3,15184
2129,2025-07-21,Notebook,Stationery,Hyderabad,2,169
2130,2025-11-03,Laptop,Electronics,Pune,5,55218
2131,2025-08-13,Pen,Stationery,Delhi,2,244
2132,2025-05-24,Monitor,Electronics,Chennai,3,8470
2133,2025-12-10,Table,Furniture,Bangalore,3,7140
2134,2025-08-12,Mouse,Electronics,Chennai,5,404
2135,2025-07-05,Notebook,Stationery,Delhi,5,278
2136,2025-09-01,Bottle,Accessories,Delhi,1,356
2137,2025-09-16,Keyboard,Electronics,Delhi,1,1484
2138,2025-09-19,Sofa,Furniture,Bangalore,1,15237
2139,2025-01-12,Chair,Furniture,Bangalore,5,3603
2140,2025-03-07,Monitor,Electronics,Hyderabad,3,8481
2141,2025-01-19,Printer,Electronics,Ahmedabad,5,9420
2142,2025-07-22,Notebook,Stationery,Ahmedabad,3,54
2143,2025-05-22,Mouse,Electronics,Ahmedabad,3,452
2144,2025-07-18,Mouse,Electronics,Hyderabad,1,714
2145,2025-09-03,Printer,Electronics,Bangalore,4,9603
2146,2025-07-26,Printer,Electronics,Ahmedabad,3,9652
2147,2025-05-13,Table,Furniture,Ahmedabad,2,7072
2148,2025-04-27,Laptop,Electronics,Ahmedabad,3,55093
2149,2025-04-03,Printer,Electronics,Mumbai,4,9649
2150,2025-11-09,Mouse,Electronics,Delhi,1,562
2151,2025-03-21,Sofa,Furniture,Chennai,2,15280
2152,2025-07-27,Pen,Stationery,Pune,4,-41
2153,2025-12-13,Sofa,Furniture,Pune,3,14988
2154,2025-12-18,Pen,Stationery,Bangalore,4,73
2155,2025-05-21,Sofa,Furniture,Hyderabad,2,15264
2156,2025-10-09,Chair,Furniture,Kolkata,1,3770
2157,2025-02-08,Chair,Furniture,Pune,1,3533
2158,2025-11-12,Chair,Furniture,Delhi,3,3559
2159,2025-02-15,Chair,Furniture,Bangalore,5,3624
2160,2025-07-05,Pen,Stationery,Kolkata,1,-52
2161,2025-10-18,Laptop,Electronics,Mumbai,4,55017
2162,2025-03-31,Notebook,Stationery,Mumbai,3,246
2163,2025-05-28,Mouse,Electronics,Delhi,4,496
2164,2025-05-08,Laptop,Electronics,Mumbai,1,55006
2165,2025-11-16,Bottle,Accessories,Kolkata,4,530
2166,2025-03-09,Notebook,Stationery,Kolkata,3,319
2167,2025-03-26,Notebook,Stationery,Ahmedabad,2,154
2168,2025-10-15,Bag,Accessories,Bangalore,5,1227
2169,2025-07-13,Pen,Stationery,Mumbai,5,-12
2170,2025-11-07,Bottle,Accessories,Mumbai,2,336
2171,2025-06-16,Bag,Accessories,Pune,5,1269
2172,2025-09-20,Laptop,Electronics,Bangalore,5,54922
2173,2025-08-04,Bottle,Accessories,Pune,3,500
2174,2025-11-24,Table,Furniture,Mumbai,1,7104
2175,2025-03-15,Chair,Furniture,Mumbai,4,3415
2176,2025-06-08,Monitor,Electronics,Ahmedabad,1,8705
2177,2025-10-26,Keyboard,Electronics,Kolkata,2,1401
2178,2025-06-11,Bottle,Accessories,Pune,1,344
2179,2025-09-08,Laptop,Electronics,Pune,2,55107
2180,2025-10-02,Chair,Furniture,Kolkata,4,3768
2181,2025-02-10,Bottle,Accessories,Pune,1,497
2182,2025-08-17,Printer,Electronics,Chennai,5,9497
2183,2025-06-01,Bag,Accessories,Chennai,1,1246
2184,2025-06-11,Monitor,Electronics,Hyderabad,2,8479
2185,2025-11-19,Pen,Stationery,Delhi,3,306
2186,2025-03-13,Sofa,Furniture,Delhi,4,15149
2187,2025-01-25,Monitor,Electronics,Hyderabad,1,8668
2188,2025-01-17,Sofa,Furniture,Kolkata,3,14913
2189,2025-09-10,Notebook,Stationery,Kolkata,3,248
2190,2025-12-31,Laptop,Electronics,Hyderabad,5,55272
2191,2025-11-16,Monitor,Electronics,Kolkata,5,8755
2192,2025-01-29,Pen,Stationery,Delhi,2,-23
2193,2025-10-22,Monitor,Electronics,Pune,5,8477
2194,2025-06-08,Printer,Electronics,Ahmedabad,2,9417
2195,2025-07-25,Mouse,Electronics,Ahmedabad,5,534
2196,2025-08-02,Chair,Furniture,Kolkata,3,3472
2197,2025-02-10,Chair,Furniture,Pune,3,3736
2198,2025-09-07,Chair,Furniture,Ahmedabad,2,3653
2199,2025-08-28,Pen,Stationery,Ahmedabad,1,-47
2200,2025-10-09,Laptop,Electronics,Delhi,5,55172
2201,2025-11-15,Sofa,Furniture,Kolkata,1,15201
2202,2025-01-07,Printer,Electronics,Delhi,5,9553
2203,2025-01-10,Laptop,Electronics,Delhi,1,54992
2204,2025-06-10,Sofa,Furniture,Pune,4,14903
2205,2025-03-03,Table,Furniture,Chennai,3,7239
2206,2025-09-10,Keyboard,Electronics,Pune,4,1368
2207,2025-12-18,Monitor,Electronics,Ahmedabad,3,8609
2208,2025-04-21,Bottle,Accessories,Kolkata,5,374
2209,2025-06-24,Bottle,Accessories,Delhi,2,316
2210,2025-02-04,Monitor,Electronics,Bangalore,5,8459
2211,2025-07-07,Bag,Accessories,Hyderabad,2,1291
2212,2025-08-18,Sofa,Furniture,Pune,2,15216
2213,2025-03-14,Laptop,Electronics,Hyderabad,3,55274
2214,2025-04-18,Monitor,Electronics,Pune,4,8794
2215,2025-01-19,Pen,Stationery,Bangalore,5,147
2216,2025-05-18,Chair,Furniture,Delhi,2,3461
2217,2025-02-08,Sofa,Furniture,Kolkata,5,15095
2218,2025-10-17,Keyboard,Electronics,Kolkata,4,1387
2219,2025-01-23,Keyboard,Electronics,Kolkata,1,1429
2220,2025-01-25,Notebook,Stationery,Hyderabad,5,72
2221,2025-04-12,Laptop,Electronics,Pune,2,54965
2222,2025-07-10,Bottle,Accessories,Delhi,5,369
2223,2025-07-21,Notebook,Stationery,Mumbai,5,149
2224,2025-06-08,Sofa,Furniture,Chennai,5,15154
2225,2025-01-19,Pen,Stationery,Bangalore,2,174
2226,2025-08-25,Laptop,Electronics,Ahmedabad,3,55128
2227,2025-10-28,Bottle,Accessories,Pune,1,543
2228,2025-04-16,Chair,Furniture,Bangalore,5,3475
2229,2025-06-01,Sofa,Furniture,Bangalore,4,15126
2230,2025-12-27,Bottle,Accessories,Chennai,2,221
2231,2025-03-26,Pen,Stationery,Mumbai,4,47
2232,2025-01-05,Mouse,Electronics,Hyderabad,1,422
2233,2025-06-12,Bag,Accessories,Ahmedabad,3,1377
2234,2025-05-05,Laptop,Electronics,Pune,1,55006
2235,2025-01-31,Bottle,Accessories,Chennai,4,251
2236,2025-08-20,Bottle,Accessories,Chennai,3,578
2237,2025-11-05,Table,Furniture,Delhi,2,7003
2238,2025-01-26,Bag,Accessories,Delhi,2,1312
2239,2025-10-24,Monitor,Electronics,Delhi,4,8420
2240,2025-08-04,Bag,Accessories,Delhi,3,1171
2241,2025-01-11,Chair,Furniture,Hyderabad,5,3741
2242,2025-03-07,Bottle,Accessories,Chennai,4,412
2243,2025-11-25,Monitor,Electronics,Delhi,5,8539
2244,2025-09-08,Printer,Electronics,Ahmedabad,5,9525
2245,2025-03-20,Keyboard,Electronics,Bangalore,1,1225
2246,2025-05-25,Bottle,Accessories,Kolkata,2,479
2247,2025-12-02,Sofa,Furniture,Chennai,3,15009
2248,2025-04-06,Monitor,Electronics,Pune,4,8539
2249,2025-12-30,Bottle,Accessories,Pune,3,403
2250,2025-02-17,Laptop,Electronics,Pune,1,55051
2251,2025-08-07,Bottle,Accessories,Delhi,2,511
2252,2025-02-14,Mouse,Electronics,Bangalore,3,414
2253,2025-01-17,Table,Furniture,Mumbai,3,7257
2254,2025-05-14,Mouse,Electronics,Chennai,5,409
2255,2025-08-04,Chair,Furniture,Kolkata,2,3566
2256,2025-01-13,Notebook,Stationery,Hyderabad,4,22
2257,2025-09-13,Monitor,Electronics,Pune,4,8648
2258,2025-09-07,Sofa,Furniture,Chennai,4,15285
2259,2025-02-20,Notebook,Stationery,Bangalore,2,173
2260,2025-06-01,Chair,Furniture,Pune,2,3671
2261,2025-09-06,Mouse,Electronics,Hyderabad,3,444
2262,2025-08-24,Bottle,Accessories,Chennai,4,310
2263,2025-07-07,Table,Furniture,Ahmedabad,4,7011
2264,2025-11-05,Printer,Electronics,Delhi,4,9409
2265,2025-08-22,Pen,Stationery,Hyderabad,1,216
2266,2025-07-20,Monitor,Electronics,Delhi,1,8419
2267,2025-02-23,Bag,Accessories,Mumbai,5,1188
2268,2025-06-20,Bottle,Accessories,Kolkata,2,457
2269,2025-07-26,Monitor,Electronics,Pune,2,8513
2270,2025-07-14,Laptop,Electronics,Mumbai,1,54999
2271,2025-12-01,Chair,Furniture,Chennai,4,3767
2272,2025-10-24,Sofa,Furniture,Mumbai,4,14954
2273,2025-09-03,Bottle,Accessories,Chennai,5,423
2274,2025-05-17,Monitor,Electronics,Pune,4,8785
2275,2025-08-28,Printer,Electronics,Hyderabad,4,9403
2276,2025-11-22,Notebook,Stationery,Kolkata,3,377
2277,2025-10-19,Laptop,Electronics,Pune,2,55243
2278,2025-07-28,Bottle,Accessories,Mumbai,4,390
2279,2025-06-12,Pen,Stationery,Kolkata,1,317
2280,2025-04-15,Mouse,Electronics,Ahmedabad,5,425
2281,2025-09-27,Pen,Stationery,Mumbai,4,12
2282,2025-10-14,Notebook,Stationery,Chennai,4,361
2283,2025-10-19,Bag,Accessories,Bangalore,5,1495
2284,2025-09-25,Notebook,Stationery,Chennai,3,282
2285,2025-07-11,Mouse,Electronics,Bangalore,2,714
2286,2025-09-20,Pen,Stationery,Hyderabad,4,37
2287,2025-05-26,Sofa,Furniture,Pune,1,15139
2288,2025-01-18,Bag,Accessories,Bangalore,3,1394
2289,2025-12-21,Mouse,Electronics,Hyderabad,2,404
2290,2025-09-22,Bottle,Accessories,Chennai,1,319
2291,2025-07-29,Pen,Stationery,Pune,1,-52
2292,2025-03-13,Laptop,Electronics,Kolkata,5,55163
2293,2025-11-20,Pen,Stationery,Ahmedabad,5,235
2294,2025-09-24,Bag,Accessories,Delhi,3,1403
2295,2025-03-08,Mouse,Electronics,Chennai,1,669
2296,2025-06-11,Keyboard,Electronics,Bangalore,2,1445
2297,2025-01-08,Bag,Accessories,Mumbai,5,1259
2298,2025-08-19,Sofa,Furniture,Ahmedabad,2,15238
2299,2025-02-03,Chair,Furniture,Delhi,3,3545
2300,2025-05-18,Printer,Electronics,Kolkata,3,9528
2301,2025-08-04,Notebook,Stationery,Kolkata,5,246
2302,2025-08-15,Bag,Accessories,Bangalore,5,1349
2303,2025-03-16,Laptop,Electronics,Ahmedabad,4,54951
2304,2025-11-15,Notebook,Stationery,Delhi,3,41
2305,2025-01-05,Bottle,Accessories,Bangalore,3,416
2306,2025-02-22,Laptop,Electronics,Chennai,4,54914
2307,2025-01-03,Sofa,Furniture,Kolkata,5,15040
2308,2025-09-29,Keyboard,Electronics,Hyderabad,4,1174
2309,2025-06-03,Keyboard,Electronics,Bangalore,2,1341
2310,2025-09-23,Monitor,Electronics,Mumbai,4,8709
2311,2025-12-22,Sofa,Furniture,Ahmedabad,2,14904
2312,2025-01-18,Keyboard,Electronics,Kolkata,2,1104
2313,2025-03-12,Mouse,Electronics,Bangalore,3,476
2314,2025-03-31,Monitor,Electronics,Bangalore,4,8526
2315,2025-10-27,Laptop,Electronics,Ahmedabad,3,54959
2316,2025-10-13,Sofa,Furniture,Pune,3,15036
2317,2025-10-21,Bottle,Accessories,Mumbai,4,368
2318,2025-02-05,Sofa,Furniture,Pune,4,14956
2319,2025-09-29,Table,Furniture,Bangalore,2,7001
2320,2025-02-21,Bag,Accessories,Hyderabad,5,1419
2321,2025-06-24,Notebook,Stationery,Pune,1,7
2322,2025-07-08,Sofa,Furniture,Hyderabad,3,15077
2323,2025-05-24,Chair,Furniture,Delhi,1,3628
2324,2025-12-07,Printer,Electronics,Kolkata,4,9780
2325,2025-01-14,Chair,Furniture,Chennai,5,3677
2326,2025-05-24,Bottle,Accessories,Ahmedabad,1,344
2327,2025-01-20,Table,Furniture,Hyderabad,4,7228
2328,2025-06-19,Keyboard,Electronics,Hyderabad,4,1308
2329,2025-09-14,Pen,Stationery,Delhi,2,-52
2330,2025-12-23,Sofa,Furniture,Hyderabad,4,15289
2331,2025-08-13,Chair,Furniture,Chennai,3,3652
2332,2025-02-06,Sofa,Furniture,Kolkata,3,15215
2333,2025-06-21,Sofa,Furniture,Chennai,2,14972
2334,2025-03-16,Bottle,Accessories,Delhi,3,419
2335,2025-09-04,Laptop,Electronics,Delhi,1,54985
2336,2025-03-28,Monitor,Electronics,Delhi,1,8773
2337,2025-08-24,Notebook,Stationery,Ahmedabad,1,207
2338,2025-04-14,Chair,Furniture,Delhi,1,3642
2339,2025-08-07,Notebook,Stationery,Hyderabad,4,363
2340,2025-03-12,Printer,Electronics,Kolkata,2,9722
2341,2025-09-16,Sofa,Furniture,Delhi,1,15272
2342,2025-10-26,Pen,Stationery,Chennai,4,110
2343,2025-01-10,Table,Furniture,Ahmedabad,1,7066
2344,2025-03-23,Laptop,Electronics,Delhi,5,54986
2345,2025-09-23,Pen,Stationery,Hyderabad,2,95
2346,2025-08-17,Notebook,Stationery,Kolkata,5,66
2347,2025-07-30,Keyboard,Electronics,Pune,5,1466
2348,2025-03-01,Printer,Electronics,Hyderabad,4,9679
2349,2025-12-13,Laptop,Electronics,Mumbai,5,54918
2350,2025-12-19,Sofa,Furniture,Ahmedabad,3,15098
2351,2025-04-18,Pen,Stationery,Chennai,3,250
2352,2025-10-19,Laptop,Electronics,Bangalore,2,55140
2353,2025-02-06,Mouse,Electronics,Ahmedabad,5,404
2354,2025-08-14,Chair,Furniture,Bangalore,1,3590
2355,2025-10-20,Monitor,Electronics,Bangalore,3,8658
2356,2025-05-26,Bottle,Accessories,Delhi,1,412
2357,2025-09-06,Printer,Electronics,Kolkata,5,9633
2358,2025-04-20,Laptop,Electronics,Kolkata,4,55184
2359,2025-03-17,Mouse,Electronics,Bangalore,2,689
2360,2025-03-26,Keyboard,Electronics,Mumbai,5,1437
2361,2025-04-28,Printer,Electronics,Kolkata,2,9676
2362,2025-11-13,Laptop,Electronics,Mumbai,3,55277
2363,2025-11-10,Bag,Accessories,Ahmedabad,3,1320
2364,2025-01-09,Bag,Accessories,Pune,3,1136
2365,2025-04-12,Printer,Electronics,Ahmedabad,3,9548
2366,2025-07-25,Laptop,Electronics,Pune,1,55248
2367,2025-05-02,Laptop,Electronics,Pune,3,54973
2368,2025-04-02,Keyboard,Electronics,Kolkata,3,1204
2369,2025-11-09,Sofa,Furniture,Hyderabad,2,14940
2370,2025-08-11,Sofa,Furniture,Pune,4,14988
2371,2025-05-04,Bottle,Accessories,Mumbai,3,488
2372,2025-04-30,Notebook,Stationery,Kolkata,1,-17
2373,2025-01-09,Mouse,Electronics,Ahmedabad,2,782
2374,2025-10-08,Pen,Stationery,Pune,3,-70
2375,2025-10-27,Chair,Furniture,Kolkata,1,3549
2376,2025-01-10,Mouse,Electronics,Hyderabad,1,650
2377,2025-09-05,Bottle,Accessories,Pune,1,584
2378,2025-04-19,Keyboard,Electronics,Kolkata,4,1141
2379,2025-03-08,Printer,Electronics,Mumbai,3,9544
2380,2025-08-01,Keyboard,Electronics,Chennai,1,1452
2381,2025-03-11,Laptop,Electronics,Delhi,5,55210
2382,2025-02-20,Laptop,Electronics,Mumbai,1,55022
2383,2025-07-22,Pen,Stationery,Delhi,5,-5
2384,2025-07-18,Bag,Accessories,Delhi,2,1134
2385,2025-03-14,Notebook,Stationery,Kolkata,2,24
2386,2025-05-19,Sofa,Furniture,Hyderabad,3,14998
2387,2025-07-17,Keyboard,Electronics,Bangalore,4,1262
2388,2025-10-09,Bottle,Accessories,Chennai,2,264
2389,2025-12-31,Monitor,Electronics,Ahmedabad,2,8659
2390,2025-05-16,Mouse,Electronics,Kolkata,1,493
2391,2025-03-03,Monitor,Electronics,Ahmedabad,4,8563
2392,2025-12-01,Printer,Electronics,Delhi,4,9522
2393,2025-06-10,Bag,Accessories,Hyderabad,3,1426
2394,2025-07-11,Mouse,Electronics,Mumbai,1,662
2395,2025-08-28,Pen,Stationery,Delhi,4,307
2396,2025-11-30,Laptop,Electronics,Ahmedabad,3,54976
2397,2025-01-01,Bag,Accessories,Delhi,3,1114
2398,2025-09-24,Bag,Accessories,Delhi,4,1400
2399,2025-02-28,Keyboard,Electronics,Hyderabad,3,1299
2400,2025-07-15,Mouse,Electronics,Delhi,4,559
2401,2025-02-22,Keyboard,Electronics,Hyderabad,1,1223
2402,2025-01-09,Monitor,Electronics,Pune,5,8667
2403,2025-11-02,Chair,Furniture,Pune,3,3565
2404,2025-09-22,Keyboard,Electronics,Hyderabad,5,1101
2405,2025-01-10,Bag,Accessories,Mumbai,5,1164
2406,2025-04-17,Sofa,Furniture,Bangalore,4,15253
2407,2025-07-27,Printer,Electronics,Pune,2,9500
2408,2025-08-07,Table,Furniture,Hyderabad,5,7249
2409,2025-04-25,Mouse,Electronics,Pune,5,665
2410,2025-12-01,Notebook,Stationery,Mumbai,1,206
2411,2025-04-28,Bottle,Accessories,Chennai,1,567
2412,2025-05-23,Notebook,Stationery,Hyderabad,2,181
2413,2025-07-14,Monitor,Electronics,Bangalore,3,8716
2414,2025-10-09,Notebook,Stationery,Chennai,3,32
2415,2025-03-22,Monitor,Electronics,Mumbai,4,8748
2416,2025-10-15,Keyboard,Electronics,Chennai,2,1322
2417,2025-06-18,Bottle,Accessories,Chennai,1,535
2418,2025-10-23,Notebook,Stationery,Pune,3,-11
2419,2025-12-05,Printer,Electronics,Pune,5,9667
2420,2025-01-08,Bottle,Accessories,Pune,1,387
2421,2025-09-12,Monitor,Electronics,Kolkata,2,8508
2422,2025-04-23,Laptop,Electronics,Mumbai,2,55035
2423,2025-05-16,Pen,Stationery,Bangalore,4,288
2424,2025-01-28,Sofa,Furniture,Bangalore,4,15086
2425,2025-05-31,Mouse,Electronics,Delhi,2,474
2426,2025-10-18,Pen,Stationery,Kolkata,4,206
2427,2025-03-05,Printer,Electronics,Bangalore,5,9742
2428,2025-11-16,Keyboard,Electronics,Mumbai,3,1277
2429,2025-10-03,Sofa,Furniture,Kolkata,2,14973
2430,2025-01-10,Mouse,Electronics,Mumbai,3,587
2431,2025-12-27,Notebook,Stationery,Chennai,5,153
2432,2025-12-22,Mouse,Electronics,Delhi,2,684
2433,2025-07-20,Monitor,Electronics,Mumbai,2,8505
2434,2025-12-02,Laptop,Electronics,Pune,2,54935
2435,2025-01-27,Bottle,Accessories,Chennai,4,228
2436,2025-10-30,Mouse,Electronics,Kolkata,3,696
2437,2025-03-14,Chair,Furniture,Ahmedabad,3,3581
2438,2025-07-09,Sofa,Furniture,Hyderabad,5,15026
2439,2025-06-18,Sofa,Furniture,Delhi,4,14926
2440,2025-04-28,Bag,Accessories,Delhi,3,1190
2441,2025-03-27,Laptop,Electronics,Delhi,5,55070
2442,2025-03-20,Pen,Stationery,Ahmedabad,1,168
2443,2025-08-25,Monitor,Electronics,Bangalore,1,8629
2444,2025-11-12,Monitor,Electronics,Hyderabad,2,8441
2445,2025-03-19,Mouse,Electronics,Bangalore,4,406
2446,2025-06-29,Sofa,Furniture,Chennai,4,15006
2447,2025-10-13,Printer,Electronics,Hyderabad,1,9422
2448,2025-11-21,Chair,Furniture,Mumbai,5,3406
2449,2025-08-04,Printer,Electronics,Hyderabad,2,9652
2450,2025-11-17,Notebook,Stationery,Pune,3,36
2451,2025-08-22,Chair,Furniture,Chennai,2,3442
2452,2025-07-18,Monitor,Electronics,Kolkata,3,8539
2453,2025-12-25,Monitor,Electronics,Mumbai,3,8477
2454,2025-04-11,Keyboard,Electronics,Ahmedabad,3,1253
2455,2025-02-28,Keyboard,Electronics,Mumbai,1,1114
2456,2025-10-12,Monitor,Electronics,Mumbai,5,8787
2457,2025-01-30,Printer,Electronics,Ahmedabad,1,9537
2458,2025-09-18,Mouse,Electronics,Bangalore,2,646
2459,2025-02-03,Chair,Furniture,Chennai,1,3567
2460,2025-06-01,Laptop,Electronics,Kolkata,5,55020
2461,2025-08-28,Pen,Stationery,Pune,4,81
2462,2025-05-14,Sofa,Furniture,Mumbai,1,15026
2463,2025-02-09,Table,Furniture,Delhi,3,7253
2464,2025-08-07,Pen,Stationery,Bangalore,4,1
2465,2025-12-15,Table,Furniture,Pune,3,7281
2466,2025-06-09,Sofa,Furniture,Ahmedabad,1,15254
2467,2025-12-16,Table,Furniture,Pune,5,7090
2468,2025-10-16,Chair,Furniture,Hyderabad,4,3780
2469,2025-04-04,Pen,Stationery,Mumbai,1,113
2470,2025-08-14,Printer,Electronics,Kolkata,4,9521
2471,2025-10-28,Bottle,Accessories,Bangalore,3,427
2472,2025-11-23,Table,Furniture,Hyderabad,5,7012
2473,2025-01-06,Bag,Accessories,Kolkata,2,1404
2474,2025-12-17,Notebook,Stationery,Chennai,5,128
2475,2025-12-05,Keyboard,Electronics,Hyderabad,1,1269
2476,2025-08-18,Bag,Accessories,Mumbai,4,1500
2477,2025-10-25,Laptop,Electronics,Chennai,1,55293
2478,2025-11-14,Monitor,Electronics,Mumbai,4,8503
2479,2025-10-29,Bag,Accessories,Chennai,1,1335
2480,2025-09-26,Mouse,Electronics,Bangalore,5,504
2481,2025-09-09,Printer,Electronics,Delhi,5,9684
2482,2025-04-11,Printer,Electronics,Chennai,3,9548
2483,2025-08-21,Mouse,Electronics,Chennai,4,630
2484,2025-11-22,Bottle,Accessories,Mumbai,5,378
2485,2025-01-22,Mouse,Electronics,Kolkata,3,651
2486,2025-06-06,Notebook,Stationery,Delhi,4,78
2487,2025-12-20,Bag,Accessories,Delhi,2,1404
2488,2025-02-27,Keyboard,Electronics,Chennai,5,1131
2489,2025-02-24,Sofa,Furniture,Chennai,5,14910
2490,2025-03-11,Printer,Electronics,Chennai,2,9655
2491,2025-11-25,Chair,Furniture,Bangalore,2,3540
2492,2025-12-21,Monitor,Electronics,Hyderabad,1,8526
2493,2025-03-01,Sofa,Furniture,Chennai,1,15224
2494,2025-12-24,Chair,Furniture,Kolkata,5,3738
2495,2025-12-27,Keyboard,Electronics,Bangalore,1,1140
2496,2025-06-10,Mouse,Electronics,Kolkata,4,548
2497,2025-09-26,Sofa,Furniture,Delhi,2,15018
2498,2025-05-06,Pen,Stationery,Kolkata,2,174
2499,2025-11-03,Notebook,Stationery,Hyderabad,4,222
2500,2025-01-14,Pen,Stationery,Bangalore,5,-31
2501,2025-09-12,Printer,Electronics,Mumbai,4,9516
2502,2025-12-10,Notebook,Stationery,Kolkata,4,247
2503,2025-02-04,Pen,Stationery,Delhi,2,145
2504,2025-04-06,Keyboard,Electronics,Chennai,4,1195
2505,2025-06-01,Sofa,Furniture,Delhi,5,15239
2506,2025-01-16,Keyboard,Electronics,Kolkata,4,1366
2507,2025-01-16,Notebook,Stationery,Pune,4,315
2508,2025-01-12,Keyboard,Electronics,Kolkata,5,1497
2509,2025-10-20,Chair,Furniture,Kolkata,4,3458
2510,2025-07-17,Bag,Accessories,Kolkata,3,1384
2511,2025-10-05,Laptop,Electronics,Chennai,2,55103
2512,2025-02-14,Bag,Accessories,Bangalore,5,1362
2513,2025-04-19,Sofa,Furniture,Kolkata,2,14991
2514,2025-09-11,Table,Furniture,Pune,1,7132
2515,2025-12-24,Table,Furniture,Mumbai,5,6912
2516,2025-10-26,Chair,Furniture,Ahmedabad,5,3597
2517,2025-06-03,Pen,Stationery,Delhi,5,289
2518,2025-03-03,Mouse,Electronics,Bangalore,4,700
2519,2025-01-22,Chair,Furniture,Mumbai,2,3492
2520,2025-08-14,Bottle,Accessories,Hyderabad,5,385
2521,2025-06-21,Printer,Electronics,Chennai,3,9421
2522,2025-01-30,Laptop,Electronics,Kolkata,4,55232
2523,2025-07-26,Keyboard,Electronics,Mumbai,4,1443
2524,2025-02-12,Table,Furniture,Mumbai,2,7028
2525,2025-06-23,Bag,Accessories,Ahmedabad,3,1271
2526,2025-12-08,Pen,Stationery,Delhi,1,16
2527,2025-07-22,Bag,Accessories,Pune,4,1359
2528,2025-06-05,Mouse,Electronics,Bangalore,5,608
2529,2025-10-27,Mouse,Electronics,Mumbai,4,602
2530,2025-02-08,Sofa,Furniture,Delhi,4,14901
2531,2025-06-18,Bottle,Accessories,Ahmedabad,4,492
2532,2025-05-16,Chair,Furniture,Ahmedabad,3,3490
2533,2025-07-16,Printer,Electronics,Kolkata,1,9552
2534,2025-02-27,Keyboard,Electronics,Hyderabad,3,1174
2535,2025-01-31,Keyboard,Electronics,Kolkata,3,1480
2536,2025-12-25,Mouse,Electronics,Hyderabad,5,549
2537,2025-08-28,Sofa,Furniture,Pune,5,14978
2538,2025-03-10,Printer,Electronics,Chennai,5,9784
2539,2025-06-19,Bottle,Accessories,Mumbai,2,211
2540,2025-10-14,Chair,Furniture,Delhi,2,3788
2541,2025-02-07,Notebook,Stationery,Delhi,4,159
2542,2025-07-05,Sofa,Furniture,Bangalore,1,15139
2543,2025-12-14,Chair,Furniture,Mumbai,4,3756
2544,2025-08-15,Pen,Stationery,Mumbai,1,245
2545,2025-04-09,Bag,Accessories,Bangalore,4,1248
2546,2025-12-18,Notebook,Stationery,Delhi,2,-16
2547,2025-05-03,Chair,Furniture,Chennai,2,3453
2548,2025-12-22,Bag,Accessories,Mumbai,1,1151
2549,2025-10-29,Chair,Furniture,Chennai,1,3774
2550,2025-05-29,Sofa,Furniture,Chennai,2,14943
2551,2025-06-25,Table,Furniture,Hyderabad,1,7179
2552,2025-03-22,Pen,Stationery,Bangalore,1,309
2553,2025-12-14,Notebook,Stationery,Ahmedabad,4,345
2554,2025-01-29,Keyboard,Electronics,Bangalore,2,1138
2555,2025-05-28,Chair,Furniture,Chennai,2,3503
2556,2025-11-10,Table,Furniture,Ahmedabad,1,7215
2557,2025-10-10,Notebook,Stationery,Bangalore,5,203
2558,2025-08-12,Sofa,Furniture,Bangalore,5,14907
2559,2025-12-24,Printer,Electronics,Delhi,4,9756
2560,2025-06-29,Laptop,Electronics,Delhi,4,55188
2561,2025-04-25,Monitor,Electronics,Bangalore,1,8452
2562,2025-06-03,Notebook,Stationery,Delhi,1,160
2563,2025-12-01,Bag,Accessories,Kolkata,2,1280
2564,2025-08-02,Laptop,Electronics,Chennai,4,54971
2565,2025-07-22,Notebook,Stationery,Bangalore,1,356
2566,2025-06-03,Bag,Accessories,Pune,4,1378
2567,2025-07-14,Printer,Electronics,Delhi,3,9669
2568,2025-09-11,Bottle,Accessories,Pune,3,487
2569,2025-12-07,Monitor,Electronics,Ahmedabad,1,8488
2570,2025-08-06,Table,Furniture,Delhi,3,6943
2571,2025-05-18,Bag,Accessories,Bangalore,3,1123
2572,2025-11-02,Laptop,Electronics,Delhi,2,55078
2573,2025-05-20,Pen,Stationery,Mumbai,3,84
2574,2025-06-11,Sofa,Furniture,Bangalore,1,15151
2575,2025-08-04,Mouse,Electronics,Kolkata,4,443
2576,2025-10-04,Notebook,Stationery,Hyderabad,2,29
2577,2025-08-07,Monitor,Electronics,Ahmedabad,3,8475
2578,2025-11-24,Laptop,Electronics,Bangalore,5,55227
2579,2025-04-30,Notebook,Stationery,Bangalore,2,313
2580,2025-09-16,Mouse,Electronics,Pune,5,605
2581,2025-08-27,Bottle,Accessories,Pune,2,590
2582,2025-02-17,Monitor,Electronics,Hyderabad,4,8444
2583,2025-01-09,Notebook,Stationery,Bangalore,4,40
2584,2025-02-16,Monitor,Electronics,Chennai,1,8749
2585,2025-03-28,Bottle,Accessories,Chennai,5,520
2586,2025-12-07,Keyboard,Electronics,Bangalore,3,1392
2587,2025-03-24,Printer,Electronics,Ahmedabad,2,9445
2588,2025-11-23,Laptop,Electronics,Hyderabad,4,55297
2589,2025-01-30,Mouse,Electronics,Chennai,5,776
2590,2025-06-26,Monitor,Electronics,Pune,1,8794
2591,2025-08-05,Laptop,Electronics,Chennai,2,54980
2592,2025-08-25,Pen,Stationery,Bangalore,1,-56
2593,2025-08-23,Notebook,Stationery,Bangalore,4,252
2594,2025-10-31,Chair,Furniture,Ahmedabad,4,3441
2595,2025-07-27,Sofa,Furniture,Ahmedabad,5,15287
2596,2025-09-29,Keyboard,Electronics,Mumbai,2,1219
2597,2025-10-24,Pen,Stationery,Bangalore,5,227
2598,2025-11-17,Notebook,Stationery,Kolkata,4,98
2599,2025-08-16,Monitor,Electronics,Mumbai,4,8758
2600,2025-12-31,Laptop,Electronics,Ahmedabad,4,55006
2601,2025-05-13,Laptop,Electronics,Delhi,5,55063
2602,2025-07-22,Bottle,Accessories,Mumbai,3,570
2603,2025-01-31,Chair,Furniture,Kolkata,1,3456
2604,2025-05-30,Bag,Accessories,Mumbai,3,1409
2605,2025-07-05,Bag,Accessories,Mumbai,5,1442
2606,2025-10-30,Chair,Furniture,Ahmedabad,2,3699
2607,2025-02-15,Chair,Furniture,Bangalore,1,3771
2608,2025-10-23,Bag,Accessories,Delhi,3,1434
2609,2025-04-16,Keyboard,Electronics,Delhi,2,1254
2610,2025-06-10,Pen,Stationery,Delhi,3,201
2611,2025-07-23,Pen,Stationery,Kolkata,3,313
2612,2025-12-12,Sofa,Furniture,Ahmedabad,3,15223
2613,2025-11-05,Laptop,Electronics,Chennai,1,55270
2614,2025-09-17,Bottle,Accessories,Hyderabad,5,444
2615,2025-05-30,Mouse,Electronics,Ahmedabad,5,517
2616,2025-10-26,Keyboard,Electronics,Ahmedabad,5,1144
2617,2025-10-29,Table,Furniture,Hyderabad,1,7169
2618,2025-03-03,Monitor,Electronics,Chennai,3,8402
2619,2025-01-23,Monitor,Electronics,Bangalore,5,8533
2620,2025-07-14,Bottle,Accessories,Ahmedabad,1,446
2621,2025-08-12,Keyboard,Electronics,Hyderabad,3,1333
2622,2025-02-13,Mouse,Electronics,Mumbai,1,756
2623,2025-06-20,Mouse,Electronics,Hyderabad,1,618
2624,2025-09-11,Chair,Furniture,Ahmedabad,1,3411
2625,2025-10-26,Bottle,Accessories,Pune,2,307
2626,2025-01-21,Notebook,Stationery,Chennai,3,333
2627,2025-04-13,Laptop,Electronics,Ahmedabad,5,54927
2628,2025-07-19,Mouse,Electronics,Ahmedabad,4,423
2629,2025-04-28,Bag,Accessories,Chennai,2,1469
2630,2025-06-21,Chair,Furniture,Pune,5,3672
2631,2025-12-16,Laptop,Electronics,Kolkata,2,55071
2632,2025-08-13,Notebook,Stationery,Delhi,4,144
2633,2025-04-20,Bottle,Accessories,Kolkata,2,545
2634,2025-02-12,Keyboard,Electronics,Bangalore,3,1256
2635,2025-02-08,Keyboard,Electronics,Ahmedabad,4,1118
2636,2025-09-07,Chair,Furniture,Bangalore,5,3741
2637,2025-07-13,Bottle,Accessories,Mumbai,3,297
2638,2025-11-15,Bag,Accessories,Chennai,3,1191
2639,2025-09-02,Bottle,Accessories,Bangalore,5,416
2640,2025-11-10,Monitor,Electronics,Mumbai,5,8679
2641,2025-10-29,Pen,Stationery,Hyderabad,5,202
2642,2025-08-12,Bag,Accessories,Hyderabad,3,1362
2643,2025-03-22,Printer,Electronics,Delhi,2,9682
2644,2025-02-17,Bag,Accessories,Ahmedabad,5,1292
2645,2025-02-08,Pen,Stationery,Delhi,3,80
2646,2025-01-19,Table,Furniture,Chennai,2,7146
2647,2025-04-07,Notebook,Stationery,Delhi,2,29
2648,2025-12-04,Sofa,Furniture,Kolkata,3,14902
2649,2025-01-20,Monitor,Electronics,Ahmedabad,3,8620
2650,2025-03-16,Chair,Furniture,Pune,2,3685
2651,2025-09-14,Bag,Accessories,Mumbai,3,1395
2652,2025-06-28,Notebook,Stationery,Ahmedabad,5,247
2653,2025-07-22,Mouse,Electronics,Delhi,3,670
2654,2025-03-19,Bottle,Accessories,Pune,2,595
2655,2025-07-05,Sofa,Furniture,Ahmedabad,5,15009
2656,2025-01-07,Laptop,Electronics,Pune,5,55132
2657,2025-01-26,Pen,Stationery,Bangalore,2,41
2658,2025-11-29,Printer,Electronics,Mumbai,3,9660
2659,2025-06-19,Sofa,Furniture,Ahmedabad,5,14903
2660,2025-11-10,Sofa,Furniture,Delhi,4,14903
2661,2025-07-15,Laptop,Electronics,Chennai,4,55177
2662,2025-01-30,Bag,Accessories,Mumbai,4,1285
2663,2025-07-08,Table,Furniture,Hyderabad,3,7102
2664,2025-10-16,Bottle,Accessories,Kolkata,1,312
2665,2025-12-17,Notebook,Stationery,Mumbai,4,217
2666,2025-01-19,Bottle,Accessories,Mumbai,4,388
2667,2025-08-19,Keyboard,Electronics,Ahmedabad,3,1139
2668,2025-10-08,Chair,Furniture,Kolkata,1,3731
2669,2025-12-27,Chair,Furniture,Ahmedabad,3,3571
2670,2025-02-10,Laptop,Electronics,Chennai,4,54919
2671,2025-08-03,Bag,Accessories,Hyderabad,3,1181
2672,2025-07-16,Laptop,Electronics,Mumbai,3,55154
2673,2025-06-15,Laptop,Electronics,Pune,1,55186
2674,2025-12-02,Bottle,Accessories,Bangalore,1,482
2675,2025-12-16,Bottle,Accessories,Ahmedabad,4,405
2676,2025-07-05,Bottle,Accessories,Bangalore,2,213
2677,2025-04-05,Mouse,Electronics,Delhi,5,590
2678,2025-08-31,Bag,Accessories,Ahmedabad,3,1294
2679,2025-01-09,Bottle,Accessories,Kolkata,1,586
2680,2025-09-25,Bottle,Accessories,Mumbai,3,470
2681,2025-05-13,Printer,Electronics,Delhi,4,9679
2682,2025-02-03,Monitor,Electronics,Pune,5,8692
2683,2025-09-23,Keyboard,Electronics,Chennai,1,1177
2684,2025-07-28,Table,Furniture,Pune,4,7237
2685,2025-01-13,Bag,Accessories,Bangalore,2,1289
2686,2025-10-09,Bag,Accessories,Bangalore,4,1426
2687,2025-02-01,Pen,Stationery,Delhi,5,21
2688,2025-01-26,Laptop,Electronics,Kolkata,4,55150
2689,2025-06-19,Bottle,Accessories,Kolkata,4,355
2690,2025-04-19,Laptop,Electronics,Chennai,1,55136
2691,2025-05-16,Bottle,Accessories,Bangalore,2,488
2692,2025-09-30,Notebook,Stationery,Delhi,1,275
2693,2025-12-06,Notebook,Stationery,Mumbai,3,51
2694,2025-03-01,Bag,Accessories,Delhi,2,1196
2695,2025-10-06,Mouse,Electronics,Delhi,1,711
2696,2025-08-20,Printer,Electronics,Chennai,1,9695
2697,2025-07-16,Monitor,Electronics,Pune,5,8674
2698,2025-07-17,Chair,Furniture,Chennai,4,3606
2699,2025-06-01,Keyboard,Electronics,Bangalore,4,1249
2700,2025-02-08,Table,Furniture,Bangalore,2,7067
2701,2025-09-22,Keyboard,Electronics,Hyderabad,2,1330
2702,2025-12-20,Pen,Stationery,Chennai,2,295
2703,2025-12-12,Mouse,Electronics,Mumbai,4,771
2704,2025-09-30,Bottle,Accessories,Delhi,2,561
2705,2025-12-07,Bag,Accessories,Chennai,2,1394
2706,2025-08-08,Mouse,Electronics,Mumbai,3,784
2707,2025-05-07,Bag,Accessories,Bangalore,1,1459
2708,2025-11-25,Notebook,Stationery,Chennai,3,79
2709,2025-01-21,Chair,Furniture,Hyderabad,1,3468
2710,2025-04-17,Keyboard,Electronics,Bangalore,2,1244
2711,2025-12-28,Pen,Stationery,Bangalore,4,217
2712,2025-04-12,Notebook,Stationery,Hyderabad,1,-17
2713,2025-09-25,Printer,Electronics,Bangalore,5,9462
2714,2025-12-27,Chair,Furniture,Delhi,1,3477
2715,2025-08-07,Bottle,Accessories,Delhi,2,243
2716,2025-02-24,Sofa,Furniture,Hyderabad,5,15258
2717,2025-10-29,Keyboard,Electronics,Kolkata,2,1335
2718,2025-06-15,Sofa,Furniture,Mumbai,4,15067
2719,2025-08-27,Monitor,Electronics,Hyderabad,1,8715
2720,2025-07-20,Keyboard,Electronics,Pune,3,1392
2721,2025-07-27,Bag,Accessories,Chennai,4,1456
2722,2025-07-11,Keyboard,Electronics,Pune,5,1378
2723,2025-11-30,Table,Furniture,Chennai,3,7102
2724,2025-01-19,Monitor,Electronics,Mumbai,4,8557
2725,2025-03-06,Table,Furniture,Chennai,2,7242
2726,2025-11-22,Mouse,Electronics,Chennai,5,740
2727,2025-05-28,Notebook,Stationery,Delhi,1,101
2728,2025-07-08,Mouse,Electronics,Mumbai,1,782
2729,2025-03-14,Bag,Accessories,Kolkata,2,1467
2730,2025-09-11,Monitor,Electronics,Delhi,4,8789
2731,2025-10-29,Chair,Furniture,Pune,2,3687
2732,2025-05-29,Bottle,Accessories,Delhi,5,531
2733,2025-01-27,Sofa,Furniture,Ahmedabad,5,15155
2734,2025-02-16,Monitor,Electronics,Hyderabad,4,8536
2735,2025-08-30,Pen,Stationery,Ahmedabad,2,27
2736,2025-07-07,Laptop,Electronics,Kolkata,1,55002
2737,2026-01-01,Mouse,Electronics,Chennai,2,783
2738,2025-02-20,Keyboard,Electronics,Kolkata,2,1487
2739,2025-11-09,Sofa,Furniture,Chennai,5,14919
2740,2025-08-28,Bottle,Accessories,Chennai,5,377
2741,2025-09-19,Keyboard,Electronics,Bangalore,3,1335
2742,2025-02-28,Pen,Stationery,Pune,5,295
2743,2025-05-01,Table,Furniture,Chennai,5,7067
2744,2025-07-23,Table,Furniture,Mumbai,1,7098
2745,2025-12-20,Sofa,Furniture,Bangalore,5,15032
2746,2025-06-28,Keyboard,Electronics,Chennai,4,1279
2747,2025-04-13,Table,Furniture,Chennai,5,7206
2748,2025-06-17,Monitor,Electronics,Pune,2,8456
2749,2025-05-12,Laptop,Electronics,Delhi,1,55238
2750,2025-12-04,Bag,Accessories,Kolkata,3,1318
2751,2025-11-18,Chair,Furniture,Kolkata,4,3626
2752,2025-05-13,Notebook,Stationery,Kolkata,1,196
2753,2025-02-04,Bag,Accessories,Mumbai,4,1142
2754,2025-03-25,Monitor,Electronics,Mumbai,4,8532
2755,2025-04-24,Bag,Accessories,Chennai,5,1288
2756,2025-06-22,Chair,Furniture,Pune,4,3613
2757,2025-09-13,Pen,Stationery,Chennai,1,202
2758,2025-06-15,Keyboard,Electronics,Mumbai,4,1305
2759,2025-05-10,Table,Furniture,Pune,5,7271
2760,2025-05-19,Sofa,Furniture,Bangalore,1,14915
2761,2025-08-24,Pen,Stationery,Mumbai,4,74
2762,2025-03-12,Table,Furniture,Ahmedabad,2,7035
2763,2025-06-01,Chair,Furniture,Hyderabad,3,3712
2764,2025-07-29,Laptop,Electronics,Hyderabad,5,55082
2765,2025-04-21,Printer,Electronics,Ahmedabad,3,9777
2766,2025-07-15,Mouse,Electronics,Pune,2,550
2767,2025-02-22,Bag,Accessories,Ahmedabad,4,1172
2768,2025-04-24,Chair,Furniture,Mumbai,4,3710
2769,2025-06-05,Printer,Electronics,Pune,5,9693
2770,2025-07-09,Pen,Stationery,Kolkata,5,24
2771,2025-06-12,Laptop,Electronics,Pune,3,54922
2772,2025-09-02,Pen,Stationery,Hyderabad,2,188
2773,2025-08-15,Bag,Accessories,Kolkata,2,1114
2774,2025-07-24,Printer,Electronics,Mumbai,4,9510
2775,2025-07-04,Bottle,Accessories,Kolkata,4,583
2776,2025-04-26,Chair,Furniture,Kolkata,3,3707
2777,2025-03-30,Printer,Electronics,Pune,5,9585
2778,2025-08-10,Monitor,Electronics,Mumbai,1,8551
2779,2025-06-27,Printer,Electronics,Mumbai,2,9475
2780,2025-10-22,Keyboard,Electronics,Ahmedabad,5,1180
2781,2025-12-23,Bag,Accessories,Pune,5,1112
2782,2025-11-27,Bottle,Accessories,Chennai,2,555
2783,2025-08-04,Bottle,Accessories,Hyderabad,2,545
2784,2025-03-30,Printer,Electronics,Bangalore,3,9406
2785,2025-04-13,Laptop,Electronics,Ahmedabad,3,55033
2786,2025-09-25,Chair,Furniture,Delhi,5,3412
2787,2025-03-16,Notebook,Stationery,Delhi,1,19
2788,2025-01-13,Printer,Electronics,Kolkata,3,9405
2789,2025-03-04,Chair,Furniture,Ahmedabad,2,3794
2790,2025-10-03,Laptop,Electronics,Kolkata,4,54962
2791,2025-10-28,Bottle,Accessories,Chennai,4,370
2792,2025-12-09,Laptop,Electronics,Hyderabad,4,54989
2793,2025-05-14,Monitor,Electronics,Bangalore,2,8662
2794,2025-09-28,Laptop,Electronics,Mumbai,5,54988
2795,2025-11-27,Keyboard,Electronics,Bangalore,3,1482
2796,2025-05-11,Chair,Furniture,Ahmedabad,2,3527
2797,2025-08-26,Laptop,Electronics,Hyderabad,2,55063
2798,2025-08-25,Chair,Furniture,Hyderabad,4,3605
2799,2025-12-20,Printer,Electronics,Bangalore,5,9640
2800,2025-01-05,Sofa,Furniture,Delhi,1,15247
2801,2025-05-29,Sofa,Furniture,Pune,2,15292
2802,2025-06-06,Notebook,Stationery,Pune,1,85
2803,2025-06-20,Table,Furniture,Mumbai,4,7237
2804,2025-04-10,Table,Furniture,Hyderabad,1,6940
2805,2025-09-28,Keyboard,Electronics,Chennai,4,1254
2806,2025-11-07,Pen,Stationery,Delhi,2,223
2807,2025-04-23,Chair,Furniture,Kolkata,5,3784
2808,2025-08-15,Mouse,Electronics,Bangalore,5,471
2809,2025-04-24,Mouse,Electronics,Pune,1,597
2810,2025-11-12,Sofa,Furniture,Delhi,2,15283
2811,2025-07-03,Bag,Accessories,Ahmedabad,3,1347
2812,2025-02-16,Monitor,Electronics,Bangalore,1,8763
2813,2025-10-01,Monitor,Electronics,Bangalore,5,8578
2814,2025-11-13,Laptop,Electronics,Hyderabad,5,55118
2815,2025-03-30,Mouse,Electronics,Hyderabad,1,556
2816,2025-04-17,Chair,Furniture,Delhi,4,3692
2817,2025-11-13,Bag,Accessories,Mumbai,2,1296
2818,2025-10-17,Printer,Electronics,Mumbai,2,9673
2819,2025-04-24,Notebook,Stationery,Kolkata,2,64
2820,2025-05-01,Monitor,Electronics,Ahmedabad,4,8589
2821,2025-06-13,Bag,Accessories,Kolkata,5,1349
2822,2025-12-04,Mouse,Electronics,Delhi,2,687
2823,2025-06-25,Chair,Furniture,Bangalore,5,3432
2824,2025-08-31,Notebook,Stationery,Kolkata,3,24
2825,2025-05-15,Sofa,Furniture,Chennai,4,15205
2826,2025-08-30,Chair,Furniture,Kolkata,5,3750
2827,2025-05-25,Notebook,Stationery,Chennai,4,230
2828,2025-08-02,Pen,Stationery,Chennai,3,280
2829,2025-04-29,Bag,Accessories,Kolkata,4,1161
2830,2025-03-18,Printer,Electronics,Pune,2,9576
2831,2025-04-06,Monitor,Electronics,Mumbai,3,8759
2832,2025-02-01,Keyboard,Electronics,Ahmedabad,5,1495
2833,2025-05-09,Pen,Stationery,Chennai,4,276
2834,2025-05-21,Sofa,Furniture,Bangalore,4,15031
2835,2025-08-14,Keyboard,Electronics,Hyderabad,2,1302
2836,2025-09-10,Sofa,Furniture,Pune,2,15224
2837,2025-01-07,Printer,Electronics,Pune,5,9400
2838,2025-03-19,Bag,Accessories,Mumbai,1,1186
2839,2025-05-13,Table,Furniture,Chennai,3,7000
2840,2025-04-04,Table,Furniture,Pune,1,7284
2841,2025-11-05,Chair,Furniture,Bangalore,4,3657
2842,2025-06-22,Chair,Furniture,Chennai,4,3427
2843,2025-04-11,Printer,Electronics,Ahmedabad,5,9633
2844,2025-05-09,Keyboard,Electronics,Mumbai,2,1104
2845,2025-12-14,Pen,Stationery,Hyderabad,3,39
2846,2025-11-14,Keyboard,Electronics,Hyderabad,4,1116
2847,2025-07-18,Table,Furniture,Ahmedabad,2,7100
2848,2025-10-15,Monitor,Electronics,Hyderabad,5,8527
2849,2025-12-05,Keyboard,Electronics,Pune,1,1302
2850,2025-09-08,Mouse,Electronics,Hyderabad,2,462
2851,2025-01-21,Bag,Accessories,Pune,1,1431
2852,2025-07-13,Keyboard,Electronics,Bangalore,5,1471
2853,2025-02-02,Pen,Stationery,Mumbai,4,180
2854,2025-04-06,Bottle,Accessories,Hyderabad,1,539
2855,2025-06-14,Chair,Furniture,Pune,3,3704
2856,2025-04-16,Keyboard,Electronics,Chennai,5,1275
2857,2025-07-21,Notebook,Stationery,Bangalore,4,194
2858,2025-08-03,Monitor,Electronics,Chennai,2,8483
2859,2025-12-08,Chair,Furniture,Pune,3,3727
2860,2025-07-17,Chair,Furniture,Chennai,2,3732
2861,2025-09-15,Mouse,Electronics,Chennai,2,599
2862,2025-06-02,Chair,Furniture,Ahmedabad,1,3710
2863,2025-04-28,Bag,Accessories,Kolkata,3,1474
2864,2025-06-19,Bag,Accessories,Ahmedabad,3,1387
2865,2025-12-08,Chair,Furniture,Ahmedabad,1,3511
2866,2025-02-24,Keyboard,Electronics,Delhi,2,1133
2867,2025-08-19,Notebook,Stationery,Delhi,5,178
2868,2025-10-02,Chair,Furniture,Delhi,2,3644
2869,2025-04-02,Monitor,Electronics,Pune,5,8703
2870,2025-11-24,Bottle,Accessories,Kolkata,2,578
2871,2025-12-02,Bag,Accessories,Delhi,3,1337
2872,2025-10-28,Keyboard,Electronics,Delhi,2,1118
2873,2025-12-26,Keyboard,Electronics,Pune,4,1206
2874,2025-05-26,Laptop,Electronics,Ahmedabad,5,54906
2875,2025-09-27,Notebook,Stationery,Kolkata,5,260
2876,2025-01-14,Chair,Furniture,Chennai,4,3553
2877,2025-05-21,Laptop,Electronics,Hyderabad,2,55109
2878,2025-05-30,Chair,Furniture,Hyderabad,1,3472
2879,2025-11-27,Table,Furniture,Kolkata,2,6949
2880,2025-06-23,Mouse,Electronics,Hyderabad,2,520
2881,2025-01-05,Keyboard,Electronics,Pune,3,1476
2882,2025-01-05,Monitor,Electronics,Chennai,3,8428
2883,2025-12-21,Sofa,Furniture,Chennai,3,15117
2884,2025-06-29,Bottle,Accessories,Bangalore,5,406
2885,2025-10-06,Printer,Electronics,Delhi,1,9710
2886,2025-05-31,Table,Furniture,Bangalore,5,7196
2887,2025-11-10,Mouse,Electronics,Pune,2,414
2888,2025-12-02,Monitor,Electronics,Kolkata,1,8429
2889,2025-05-02,Printer,Electronics,Kolkata,1,9526
2890,2025-02-22,Table,Furniture,Hyderabad,5,7285
2891,2025-08-17,Monitor,Electronics,Chennai,5,8617
2892,2025-04-15,Notebook,Stationery,Bangalore,5,258
2893,2025-04-06,Sofa,Furniture,Chennai,4,15179
2894,2025-12-26,Bag,Accessories,Pune,4,1316
2895,2025-03-07,Bag,Accessories,Mumbai,1,1331
2896,2025-09-20,Mouse,Electronics,Ahmedabad,2,565
2897,2025-07-05,Mouse,Electronics,Hyderabad,2,696
2898,2025-05-19,Mouse,Electronics,Mumbai,5,753
2899,2025-08-18,Pen,Stationery,Delhi,4,175
2900,2025-07-17,Keyboard,Electronics,Bangalore,5,1191
2901,2025-09-19,Bottle,Accessories,Hyderabad,5,236
2902,2025-01-22,Printer,Electronics,Hyderabad,3,9756
2903,2025-11-29,Chair,Furniture,Chennai,1,3725
2904,2025-01-20,Bottle,Accessories,Chennai,1,243
2905,2025-11-25,Sofa,Furniture,Hyderabad,2,14990
2906,2025-02-19,Sofa,Furniture,Delhi,1,14977
2907,2025-12-02,Pen,Stationery,Mumbai,5,-40
2908,2025-12-04,Mouse,Electronics,Delhi,5,405
2909,2025-09-19,Printer,Electronics,Pune,1,9595
2910,2025-11-27,Table,Furniture,Bangalore,3,7147
2911,2025-03-08,Chair,Furniture,Delhi,3,3526
2912,2025-03-12,Laptop,Electronics,Chennai,2,54979
2913,2025-06-25,Notebook,Stationery,Pune,3,180
2914,2025-06-12,Bag,Accessories,Chennai,4,1431
2915,2025-07-28,Printer,Electronics,Chennai,4,9615
2916,2025-05-20,Notebook,Stationery,Mumbai,1,105
2917,2025-01-12,Bag,Accessories,Bangalore,2,1277
2918,2025-02-06,Keyboard,Electronics,Ahmedabad,1,1292
2919,2025-04-20,Printer,Electronics,Hyderabad,4,9744
2920,2025-10-21,Notebook,Stationery,Chennai,5,231
2921,2025-01-04,Monitor,Electronics,Chennai,2,8777
2922,2025-04-01,Bottle,Accessories,Pune,1,570
2923,2025-09-18,Printer,Electronics,Pune,4,9670
2924,2025-02-06,Monitor,Electronics,Chennai,5,8713
2925,2025-01-03,Notebook,Stationery,Bangalore,2,95
2926,2025-10-10,Chair,Furniture,Hyderabad,4,3738
2927,2025-03-13,Monitor,Electronics,Hyderabad,1,8561
2928,2025-02-25,Chair,Furniture,Ahmedabad,3,3765
2929,2025-12-26,Monitor,Electronics,Hyderabad,5,8563
2930,2025-03-02,Bottle,Accessories,Chennai,5,586
2931,2025-10-07,Table,Furniture,Chennai,4,7167
2932,2025-12-30,Notebook,Stationery,Hyderabad,1,212
2933,2025-05-21,Sofa,Furniture,Hyderabad,5,15067
2934,2025-12-15,Bag,Accessories,Delhi,2,1393
2935,2025-11-13,Sofa,Furniture,Delhi,5,14964
2936,2025-06-01,Bag,Accessories,Pune,3,1445
2937,2025-12-14,Laptop,Electronics,Hyderabad,4,55171
2938,2025-07-10,Laptop,Electronics,Hyderabad,2,54905
2939,2025-05-08,Monitor,Electronics,Pune,3,8716
2940,2025-11-11,Laptop,Electronics,Bangalore,4,55251
2941,2025-09-12,Keyboard,Electronics,Kolkata,4,1142
2942,2025-09-21,Chair,Furniture,Ahmedabad,1,3730
2943,2025-05-24,Sofa,Furniture,Kolkata,2,14939
2944,2025-09-03,Laptop,Electronics,Kolkata,3,55108
2945,2025-09-06,Keyboard,Electronics,Ahmedabad,4,1428
2946,2025-03-04,Bag,Accessories,Delhi,5,1218
2947,2025-04-05,Bottle,Accessories,Kolkata,3,495
2948,2025-10-22,Notebook,Stationery,Chennai,5,101
2949,2025-03-29,Sofa,Furniture,Kolkata,5,15172
2950,2025-06-15,Chair,Furniture,Delhi,4,3443
2951,2025-11-15,Laptop,Electronics,Delhi,1,55112
2952,2025-10-19,Pen,Stationery,Hyderabad,3,234
2953,2025-03-18,Bag,Accessories,Mumbai,3,1149
2954,2025-08-03,Bag,Accessories,Kolkata,3,1409
2955,2025-04-22,Monitor,Electronics,Ahmedabad,3,8514
2956,2025-10-01,Table,Furniture,Bangalore,3,7097
2957,2025-04-12,Table,Furniture,Mumbai,3,7009
2958,2025-06-19,Chair,Furniture,Chennai,3,3572
2959,2025-08-22,Pen,Stationery,Kolkata,5,35
2960,2025-11-25,Mouse,Electronics,Delhi,2,576
2961,2025-02-13,Table,Furniture,Hyderabad,3,6985
2962,2025-08-06,Chair,Furniture,Bangalore,3,3501
2963,2025-03-16,Bag,Accessories,Kolkata,2,1359
2964,2025-06-29,Mouse,Electronics,Hyderabad,2,550
2965,2025-03-03,Chair,Furniture,Mumbai,5,3462
2966,2025-08-09,Sofa,Furniture,Pune,2,15265
2967,2025-08-21,Bottle,Accessories,Mumbai,3,449
2968,2025-08-31,Monitor,Electronics,Kolkata,4,8679
2969,2025-02-12,Printer,Electronics,Mumbai,4,9648
2970,2025-10-19,Table,Furniture,Hyderabad,1,7215
2971,2025-09-15,Bottle,Accessories,Chennai,3,343
2972,2025-02-05,Sofa,Furniture,Pune,3,15167
2973,2025-07-22,Bottle,Accessories,Hyderabad,2,403
2974,2025-09-16,Bottle,Accessories,Bangalore,4,535
2975,2025-05-13,Printer,Electronics,Delhi,4,9781
2976,2025-08-13,Printer,Electronics,Bangalore,4,9619
2977,2025-09-20,Mouse,Electronics,Bangalore,1,649
2978,2025-04-18,Mouse,Electronics,Chennai,4,655
2979,2025-06-05,Laptop,Electronics,Kolkata,4,55071
2980,2025-04-09,Pen,Stationery,Kolkata,1,-38
2981,2025-10-01,Pen,Stationery,Hyderabad,5,308
2982,2025-10-19,Notebook,Stationery,Chennai,5,287
2983,2025-09-21,Pen,Stationery,Bangalore,5,-72
2984,2025-10-02,Chair,Furniture,Mumbai,2,3591
2985,2025-10-30,Keyboard,Electronics,Kolkata,2,1347
2986,2025-01-05,Pen,Stationery,Mumbai,2,7
2987,2025-05-03,Bottle,Accessories,Bangalore,2,419
2988,2025-02-19,Monitor,Electronics,Delhi,4,8432
2989,2025-01-31,Pen,Stationery,Chennai,5,89
2990,2025-08-24,Laptop,Electronics,Hyderabad,1,55216
2991,2025-01-03,Mouse,Electronics,Mumbai,2,427
2992,2025-02-26,Sofa,Furniture,Pune,5,15008
2993,2025-02-25,Keyboard,Electronics,Pune,5,1320
2994,2025-04-26,Bag,Accessories,Kolkata,1,1126
2995,2025-09-14,Keyboard,Electronics,Pune,2,1227
2996,2025-12-26,Sofa,Furniture,Ahmedabad,4,15124
2997,2025-02-27,Notebook,Stationery,Ahmedabad,3,160
2998,2025-04-25,Chair,Furniture,Delhi,3,3590
2999,2025-10-18,Monitor,Electronics,Mumbai,2,8550
3000,2025-05-29,Bag,Accessories,Kolkata,5,1220
